0,"[[  -5.98476143    2.53629086]
 [  -5.538418      2.96363074]
 [  -6.2876509     3.66398641]
 [  -6.48408841    3.46126689]
 [  -6.19863098    3.24354531]
 [  -6.4998717     3.24768896]
 [  -6.27432188    3.26784344]
 [  -6.46734886    3.53455593]
 [  -6.35168609    3.90999035]
 [  -6.55486892    3.58716359]
 [  -6.57568445    3.6218923 ]
 [  -6.94807015    3.91740524]
 [  -7.19249506    4.81367778]
 [  -5.96298455    3.58617914]
 [  -6.15163416    4.02248218]
 [  -6.21986894    3.3665511 ]
 [  -5.86396591    3.40310076]
 [  -6.26056501    3.52447863]
 [  -6.06845004    3.3320901 ]
 [  -6.36623713    3.47753127]
 [  -6.10304069    3.28812722]
 [  -6.42255722    3.35978908]
 [  -6.35124105    3.25510098]
 [  -6.3024569     3.18570614]
 [  -6.49507378    3.38042474]
 [  -6.37862839    3.33498098]
 [  -6.29737035    3.18119196]
 [  -6.01091311    3.38159714]
 [  -4.84746937    3.30833978]
 [  -5.62412374    3.00237675]
 [  -5.71646949    3.01500451]
 [  -6.06465613    3.14313827]
 [  -5.98736098    3.00045052]
 [  -6.29197875    3.11868706]
 [  -6.19957034    2.98812524]
 [  -5.91359186    3.14134051]
 [  -5.69865683    3.10401353]
 [  -6.04888444    2.89399414]
 [  -5.02575531    2.97855728]
 [  -5.83945671    2.96639805]
 [  -5.28736934    2.94836825]
 [  -6.1191697     2.84934954]
 [  -5.78694553    2.90472979]
 [  -6.16768176    2.86639743]
 [  -6.16826858    2.8826515 ]
 [  -6.12223999    2.85848929]
 [  -6.04945337    2.9349577 ]
 [  -5.04797689    2.90621802]
 [ 301.32675268   -1.30404251]
 [  -8.70678954 -155.35581384]]"
1,"[[ 2.58095891e+01 -3.21614640e+00]
 [ 1.10611987e+01 -2.12003713e+00]
 [ 1.55366799e+01 -2.13500454e+00]
 [ 1.44169512e+01 -2.18201470e+00]
 [ 1.33835344e+01 -2.11096636e+00]
 [ 2.25885367e+01 -3.31145429e+00]
 [ 2.25035349e+01 -3.31717584e+00]
 [ 1.16811613e+01 -2.29943943e+00]
 [ 1.05249309e+01 -2.27637820e+00]
 [ 9.14339219e+00 -2.30097158e+00]
 [ 7.84281706e+00 -2.22327671e+00]
 [ 2.07816833e+01 -3.52797407e+00]
 [ 4.57145742e+00 -2.17196673e+00]
 [ 2.00486446e+01 -3.59896060e+00]
 [ 7.26242735e-01 -2.08616844e+00]
 [-1.10658531e+01 -1.51634081e+00]
 [-2.86116426e+01 -6.58862508e-01]
 [-3.56924171e+01 -3.44379816e-01]
 [ 8.56335416e+00 -4.19698585e+00]
 [-3.63034706e+01 -2.36215897e-02]
 [-1.57979278e+01 -1.04735175e+00]
 [-6.25688762e+00 -1.42910085e+00]
 [-4.09179665e+00 -1.52721030e+00]
 [-2.32934009e+00 -1.57159193e+00]
 [-5.02332424e-01 -1.49594925e+00]
 [-4.60757702e+00 -1.22881853e+00]
 [-1.93536728e+01 -6.74073558e-01]
 [-2.50648803e+01 -2.85051461e-01]
 [ 5.48404741e+00 -1.85914565e+00]
 [ 7.27173177e-01 -1.81943914e+00]
 [-7.27207238e+01  1.22661152e+00]
 [-7.00161368e+01  1.26573064e+00]
 [-2.59807358e+01 -6.70310915e-01]
 [-2.14216876e+01 -9.04481822e-01]
 [ 1.42120000e+01 -3.86684405e+00]
 [-1.56494475e+01 -1.26717857e+00]
 [ 1.57006658e+01 -3.88480768e+00]
 [-1.04634242e+01 -1.57604562e+00]
 [ 1.71055285e+01 -3.74580796e+00]
 [ 1.73743291e+01 -3.74040166e+00]
 [-3.31289336e+00 -1.92402052e+00]
 [ 1.91712208e+01 -3.56871465e+00]
 [ 1.18996537e+00 -1.96432828e+00]
 [ 2.57556361e+00 -2.00685413e+00]
 [ 3.60252449e+00 -2.05318541e+00]
 [ 2.03753664e+01 -3.49272890e+00]
 [ 5.93261758e+00 -1.96462425e+00]
 [ 2.11707590e+01 -3.24687259e+00]
 [ 3.18497124e+01 -1.06072396e+01]
 [ 1.35876649e+01  1.06547962e+02]]"
2,"[[  3.90774065   0.7385395 ]
 [-38.07621418  14.92472161]
 [ -6.99146233 -10.12390611]
 [  3.42112856   0.2653163 ]
 [  3.50588022   0.92938291]
 [  3.93767627   0.91682929]
 [  3.92235896   0.96574839]
 [  3.91162995   0.79934752]
 [  3.91581472   1.04820758]
 [  3.95372351   1.0599623 ]
 [  3.93265603   0.72664111]
 [  4.00550293   1.03269631]
 [  3.96213329   0.97860672]
 [  3.73997033   1.11212982]
 [  3.92586705   1.01157189]
 [  3.58875032   1.20039736]
 [  3.64951939   1.06914565]
 [  3.74263038   0.19347354]
 [-19.0910298  -22.62104226]
 [  3.13572374   3.77223058]]"
3,"[[  0.62547947   1.23746064]
 [  1.2250735   -3.3134826 ]
 [-12.9716309   -0.19617863]
 [  0.37427028   1.2257195 ]
 [  0.80819084   1.19953126]
 [  0.79773132   0.97010292]
 [  0.79036386   0.69104979]
 [  0.99661896   0.38418442]
 [  1.11721281  -0.01905298]
 [  1.14710345  -0.30438746]
 [  1.13844462  -0.20175311]
 [  1.06568931   0.20014971]
 [  1.00024015   0.57365286]
 [  0.89410962   0.76050902]
 [  0.82980368   0.84884702]
 [  0.42312025   0.85375417]
 [  0.80720416   0.88791054]
 [ -1.00486849   0.67803695]
 [ -0.05696495   0.67527083]
 [  0.97890532   0.67682082]
 [  0.69639074   0.13447923]
 [ -3.11148448  -1.38801349]
 [  1.42899649  -6.57461143]]"
4,"[[  5.84721409   0.75584306]
 [-59.1617548   10.76112929]
 [  3.18402093   1.30359826]
 [  5.69002451   0.58549289]
 [  5.86211211   1.05200641]
 [  5.92249291   0.84403902]
 [  5.98548866   1.07173663]
 [  5.89173726   1.11752514]
 [  5.95702133   1.07978178]
 [  6.01875976   1.08982985]
 [  5.975901     1.09501001]
 [  5.61808977   1.12901164]
 [  5.37306891   1.19702671]
 [  6.09339558   1.1876208 ]
 [-19.7393196  -27.51962149]
 [  5.48174759   3.24997   ]]"
5,"[[-5.19521242e+00 -3.86729782e+00]
 [-4.32457965e+00 -2.20980847e-01]
 [-5.10945217e+00 -3.53968735e+00]
 [-5.04067697e+00  6.63628422e-01]
 [-5.15043416e+00  1.27255782e+00]
 [-5.17408728e+00 -3.37726644e+00]
 [-4.94381375e+00  3.08933957e+00]
 [-4.52314300e+00  6.06794858e+00]
 [-5.04036441e+00 -2.73750599e+00]
 [-4.64080295e+00  6.45982125e+00]
 [-5.08532635e+00 -2.76098662e+00]
 [-4.72862928e+00  6.15504163e+00]
 [-5.11986466e+00 -2.81705523e+00]
 [-4.77749785e+00  5.62699267e+00]
 [-5.12136163e+00 -2.87664095e+00]
 [-4.93301852e+00  4.99166509e+00]
 [-5.14977799e+00 -2.97677637e+00]
 [-5.11066664e+00  3.76140979e+00]
 [-5.14501782e+00  2.47391256e+00]
 [-5.13349703e+00 -3.30592315e+00]
 [-5.14360280e+00  1.88227665e+00]
 [-5.11572943e+00 -3.35149207e+00]
 [-4.99487644e+00  1.61787767e+00]
 [-5.03069736e+00 -3.37456963e+00]
 [-4.73259638e+00  1.37520416e+00]
 [-4.68376144e+00  1.20256875e+00]
 [-5.07246885e+00  1.12538927e+00]
 [-4.94412411e+00  9.63461567e-01]
 [-4.93292858e+00  8.88022563e-01]
 [-4.84969693e+00  8.02229838e-01]
 [-4.90862413e+00  7.32234193e-01]
 [-4.89196903e+00  6.26240343e-01]
 [-4.94685106e+00  5.22237705e-01]
 [-4.96523338e+00  4.54480144e-01]
 [-5.14282991e+00 -3.51055590e+00]
 [-5.02739631e+00  3.53597987e-01]
 [-5.06754747e+00  2.72748845e-01]
 [-5.04199564e+00  2.17983755e-01]
 [-5.18328762e+00 -3.54322893e+00]
 [-5.10241389e+00  2.49630430e-01]
 [-5.17886667e+00  1.27018820e-01]
 [-5.17304946e+00 -3.56298085e+00]
 [-5.10719301e+00 -6.83625777e-02]
 [-5.15483842e+00 -3.56936868e+00]
 [-5.04559572e+00 -1.56070762e-01]
 [-5.01459451e+00 -1.86923351e-01]
 [-5.00977699e+00 -2.39537818e-01]
 [-5.12925735e+00 -3.59788070e+00]
 [-4.74977374e+00 -2.73935495e-01]
 [ 2.44788801e+02 -6.04925458e-02]]"
6,"[[  7.53296463   1.66004734]
 [  6.25605981   1.86441512]
 [  7.49453371   1.59749063]
 [  6.26495207   2.20506988]
 [  6.26300399   2.18493158]
 [  6.23349897   2.01524891]
 [  6.18610589   2.03986387]
 [  7.47642844   1.36633927]
 [  7.46984984   1.3177904 ]
 [  7.43271175   0.67044535]
 [  6.13675019   1.49568447]
 [  7.45167059   1.04611521]
 [  6.09855414   1.33093541]
 [  6.22140454   2.27727462]
 [  6.19234389   2.32097875]
 [  5.98689756   2.30513649]
 [  5.69634566   2.31119287]
 [  7.25797243   1.12376628]
 [  5.41125638   2.3252658 ]
 [  4.20386178   1.80457223]
 [  4.29473453   2.26669481]
 [  3.51188482   2.27254302]
 [  1.47861562   2.01345114]
 [  0.85811253   1.74979387]
 [ -0.798709     1.36247211]
 [ -1.79276388   2.30940617]
 [ -2.17601352   2.31340945]
 [ -2.60919648   2.3639139 ]
 [ -2.99009166   2.37751855]
 [ -3.66556653   2.35114936]
 [  4.06501511  -2.22175281]
 [ -5.03910454   2.17810926]
 [  3.56903788  -2.8251246 ]
 [ -6.56546473   1.88527408]
 [ -7.49369139   1.99660144]
 [ -8.30169341   2.06133214]
 [  2.46127872  -4.15222992]
 [  2.31925157  -4.34480405]
 [-10.96546123  -0.68851743]
 [  1.74273338  -4.98390395]
 [-12.7213593    2.38085717]
 [  0.92816428  -5.74449688]
 [-14.96368207   2.41573945]
 [  0.24327947  -6.53349569]
 [-17.40020534   2.27223368]
 [ -0.67381183  -7.7003915 ]
 [-21.34157124   2.03941315]
 [ -2.3294402   -9.48420126]
 [ -3.862858   -28.56964464]
 [-29.04858986   3.37608549]]"
7,"[[  1.58992746   0.88139223]
 [  1.85865596 -13.9541582 ]
 [ -1.73852625   0.89446751]
 [ -3.46455082   0.91626179]
 [  0.93650622   0.93897175]
 [  1.66727176   0.94267161]
 [  1.31618221   0.91839714]
 [  1.37525481   0.86206311]
 [  1.61249953   0.77992398]
 [  1.6896922    0.82353078]
 [  1.64574253   0.82286636]
 [  1.52737664   0.73743036]
 [  1.51713988   0.73062989]
 [  1.63139252   0.69858426]
 [  1.68048706   0.66935574]
 [  1.6831858    0.6428175 ]
 [  1.66407255   0.62030643]
 [  1.66571668   0.57645426]
 [  1.69352703   0.50235417]
 [  1.70535413   0.41652519]
 [  1.69671703   0.33293027]
 [  1.69256363   0.26157276]
 [  1.70133778   0.21863759]
 [  1.71243731   0.21225149]
 [  1.70760968   0.23463116]
 [  1.68384063   0.27559652]
 [  1.66007007   0.33074837]
 [  1.65148663   0.39882481]
 [  1.6707018    0.47363976]
 [  1.70401812   0.51914759]
 [  1.69668194   0.51198222]
 [  1.67344839   0.50179637]
 [  1.65340642   0.52466277]
 [  1.59073766   0.55574761]
 [  1.50192806   0.57489939]
 [  1.52880776   0.57722975]
 [  1.63129631   0.5614829 ]
 [  1.62505134   0.54257048]
 [  1.48202229   0.55782246]
 [  1.32765814   0.59066036]
 [  1.43118851   0.5763603 ]
 [  1.46060799   0.51626558]
 [  1.22808305   0.47848349]
 [  0.84368511   0.49201496]
 [  0.84324255   0.49535847]
 [  1.17398853   0.46650125]
 [-64.5473956   -0.22017979]
 [  1.71787097 -11.98248473]]"
8,"[[ 8.60533972e+00 -1.00012917e+00]
 [ 7.25558536e+00 -8.43616579e-01]
 [ 8.26028142e+00 -1.15170494e+00]
 [ 8.26950687e+00 -9.92594967e-01]
 [ 5.85947867e+00 -6.28065615e-01]
 [ 8.16257119e+00 -9.51791779e-01]
 [ 8.09649544e+00 -1.00958204e+00]
 [ 5.03017855e+00 -3.08894229e-01]
 [ 7.88197902e+00 -9.27827822e-01]
 [ 3.27587978e+00 -8.27790895e-02]
 [ 8.01491965e-01 -1.50265363e-01]
 [ 6.72606059e+00 -8.27409523e-01]
 [-7.13728537e-01  6.01915381e-01]
 [-3.86378651e-01  1.43600967e+00]
 [ 6.76325070e+00 -6.58445633e-01]
 [ 6.87184784e+00 -6.52970807e-01]
 [ 6.96992682e+00 -6.86982493e-01]
 [ 2.29756185e+00  2.50605503e-01]
 [ 7.40437290e+00 -1.23019314e+00]
 [ 7.42339608e+00 -1.18416271e+00]
 [ 2.69531969e+00 -8.36179794e-01]
 [ 2.54494661e+00  4.46988388e-01]
 [ 7.19625430e+00 -9.40905516e-01]
 [ 3.29116039e-01  6.80786015e-01]
 [-3.43787371e+00  7.63103195e-01]
 [ 5.79736461e+00 -4.71450257e-01]
 [-3.36252599e+00  1.80594972e+00]
 [-1.24705283e+00  1.12115558e+00]
 [-1.24237112e-01 -1.31317073e-03]
 [-2.15016476e+00  1.15845190e+00]
 [-5.94546928e+00  1.69554123e+00]
 [-3.90041327e+00  1.55716170e+00]
 [-2.67525937e+00  2.59746365e-01]
 [-4.47754038e+00  1.52901311e+00]
 [-7.72961818e+00  1.64727726e+00]
 [-6.09475843e+00  1.82614881e+00]
 [-5.01745353e+00  3.79056952e-01]
 [-6.13957679e+00  1.91554149e+00]
 [-8.73205557e+00  1.85807642e+00]
 [-7.77529831e+00  2.29736689e+00]
 [-6.25759988e+00  1.28240488e+00]
 [-7.43656026e+00  2.38430341e+00]
 [-7.60427058e+00  1.86069114e+00]
 [-6.09996197e+00  2.06532114e+00]
 [-5.02523028e+00  1.16364886e+00]
 [-5.50792951e+00  2.21596861e+00]
 [-5.73806607e+00  1.03637269e+00]
 [-4.19346129e+00  1.59866973e+00]
 [-3.35353705e+00  1.51170730e+00]
 [-1.33921844e+01 -2.28117187e+01]]"
9,"[[-1.61947577e+00 -7.05117578e-01]
 [-1.74569493e+00  4.07710120e+00]
 [ 1.64621778e+01 -7.06469983e-01]
 [ 5.65891007e+00 -8.82497387e-01]
 [-9.76007022e-01 -8.67909904e-01]
 [-1.55525498e+00 -8.57756627e-01]
 [-1.19655298e+00 -8.42431159e-01]
 [-1.05235985e+00 -8.02384539e-01]
 [-1.34136693e+00 -7.49695538e-01]
 [-1.53775987e+00 -7.26314476e-01]
 [-1.58000546e+00 -7.24574277e-01]
 [-1.52615149e+00 -7.12389080e-01]
 [-1.51668340e+00 -6.80452901e-01]
 [-1.56147346e+00 -6.41110657e-01]
 [-1.61071307e+00 -6.06604791e-01]
 [-1.62026842e+00 -5.64580907e-01]
 [-1.58168119e+00 -5.22851247e-01]
 [-1.58346889e+00 -4.83856111e-01]
 [-1.64799783e+00 -4.03400405e-01]
 [-1.67619013e+00 -2.67502409e-01]
 [-1.67646156e+00 -9.89000871e-02]
 [-1.67020418e+00  5.74904552e-02]
 [-1.64345825e+00  1.30250120e-01]
 [-1.57389417e+00  8.29244219e-02]
 [-1.48392582e+00 -1.71070851e-02]
 [-1.47734452e+00 -1.86900474e-01]
 [-1.51946311e+00 -3.63468723e-01]
 [-1.51996223e+00 -3.75212653e-01]
 [-1.53041343e+00 -3.18124648e-01]
 [-1.60798903e+00 -3.15219268e-01]
 [-1.64550880e+00 -3.15801895e-01]
 [-1.62297085e+00 -3.27589841e-01]
 [-1.62624680e+00 -3.14892179e-01]
 [-1.57596514e+00 -2.63070129e-01]
 [-1.55252311e+00 -2.43302362e-01]
 [-1.46030160e+00 -1.91595127e-01]
 [-1.26963763e+00 -1.37374681e-01]
 [-1.13896175e+00 -1.54790142e-01]
 [-1.41868005e+00 -1.18108355e-01]
 [-1.47745843e+00 -2.15236220e-02]
 [-1.11651103e+00  7.50357103e-02]
 [-5.96140589e-01  1.25861566e-01]
 [-6.26360032e-01  1.80850049e-01]
 [-1.08879450e+00  2.55260153e-01]
 [ 4.02609016e+01  4.89994934e-01]
 [-1.53370721e+00  1.10361126e+01]]"
10,"[[ 3.39012857e+00 -1.89002268e+00]
 [ 3.22234969e+00  8.33769327e-03]
 [ 3.14238507e+00 -1.89630292e+00]
 [ 3.12764409e+00 -1.80057988e+00]
 [ 3.32084602e+00 -1.79345472e+00]
 [ 3.17190574e+00 -1.64696347e+00]
 [ 3.34742333e+00 -1.49422448e+00]
 [ 3.34303878e+00 -1.74101319e+00]
 [ 3.34901859e+00 -1.34745546e+00]
 [ 3.24951019e+00 -1.11241082e+00]
 [ 3.37527056e+00 -1.48503523e+00]
 [ 3.29714917e+00 -1.17289578e+00]
 [ 3.38257514e+00 -1.38623838e+00]
 [ 3.33488729e+00 -9.85870462e-01]
 [ 3.37988520e+00 -2.29120322e-01]
 [ 3.35189249e+00 -1.73496492e+00]
 [ 3.31402038e+00 -1.79994816e+00]
 [ 3.34948711e+00 -1.28672676e+00]
 [ 3.24884290e+00 -1.16914918e+00]
 [ 3.24773094e+00 -1.48819658e+00]
 [ 3.11091695e+00 -1.75348689e+00]
 [ 2.69266076e+00 -1.84018290e+00]
 [ 3.30662691e+00 -1.84554201e+00]
 [ 3.08618315e+00 -1.58034028e+00]
 [ 3.33946419e+00 -7.47247349e-01]
 [ 3.33283704e+00 -1.84038836e+00]
 [ 3.18033843e+00 -1.87679505e+00]
 [ 3.10313475e+00 -1.86005018e+00]
 [ 3.31158927e+00 -1.75343573e+00]
 [ 3.10944446e+00 -1.80199243e+00]
 [ 3.30793400e+00 -1.79102436e+00]
 [ 3.12827562e+00 -1.56801678e+00]
 [ 3.32307944e+00 -1.65752050e+00]
 [ 3.16668255e+00 -1.50650003e+00]
 [ 3.34045923e+00 -1.36810927e+00]
 [ 3.21238704e+00 -1.38782998e+00]
 [ 3.35786801e+00 -9.81489909e-01]
 [ 3.28431473e+00 -1.29552065e+00]
 [ 3.41837040e+00  1.38779434e+00]
 [ 3.37301577e+00 -1.18637533e+00]
 [ 3.30804816e+00 -1.78872486e+00]
 [ 3.33996290e+00 -1.85660262e+00]
 [ 3.23259193e+00 -1.88780162e+00]
 [ 3.21328464e+00 -1.59379985e+00]
 [ 3.20697045e+00 -1.62872231e+00]
 [ 3.33495737e+00 -9.36436670e-01]
 [ 3.16489183e+00 -1.10421370e+00]
 [ 2.89706005e+00 -1.39501067e+00]
 [ 4.24134820e+00  6.74833840e+01]
 [-1.60370689e+02  4.14217672e-01]]"
11,"[[  6.51619839  -0.76846051]
 [  5.29345167  -0.87390615]
 [  5.2135787   -0.75526745]
 [  6.47091524  -0.79911719]
 [  5.1940947   -0.8759924 ]
 [  6.46239827  -0.83552907]
 [  5.0995949   -1.19086557]
 [  4.86744204  -1.5136252 ]
 [  4.81571145  -0.94680657]
 [  4.70086914  -0.92220916]
 [  4.55567515  -0.82538542]
 [  4.30882009  -0.83777164]
 [  3.73339743  -0.89115068]
 [  3.05434133  -0.93552169]
 [  3.36636839  -0.84529363]
 [  3.21314892  -1.33334636]
 [  3.04037196  -0.74928676]
 [  2.47941543  -0.80580133]
 [  1.79746906  -1.12170763]
 [  2.18198169  -0.90457735]
 [  2.05771346  -1.40776226]
 [  1.53704097  -0.88450361]
 [  0.87871313  -1.41422743]
 [  1.29513536  -0.94599088]
 [  1.1273114   -1.8654145 ]
 [  0.87849545  -0.96375989]
 [  0.12729695  -1.92796226]
 [  0.59159274  -1.08792316]
 [  0.36558275  -2.27923832]
 [  0.16560592  -1.35296037]
 [ -3.14940102   0.18412758]
 [ -3.00849929   0.89967481]
 [  3.9888351    0.95478657]
 [ -3.38384849   0.89631891]
 [  3.83885848   1.2138241 ]
 [ -4.01107206   1.34789717]
 [  3.66211202   1.32867422]
 [ -4.63881568   1.95620078]
 [  3.39553895   1.58279214]
 [ -6.34626145   2.64789895]
 [  2.51785153   2.36932256]
 [ -8.78291969   3.49539533]
 [  2.04678255   2.73113839]
 [  1.91695437   2.82482241]
 [-11.04776233   4.13452504]
 [  1.31514431   3.25277163]
 [-13.08757234   4.71115189]
 [-14.7880171    5.32467171]
 [-18.20733236   6.11776826]
 [-27.62030757 -15.11239801]]"
12,"[[ 7.49998010e+00  2.14852881e+00]
 [ 6.21659631e+00  2.41331117e+00]
 [ 7.45525983e+00  1.90666546e+00]
 [ 6.17465812e+00  2.42591287e+00]
 [ 6.12280139e+00  1.96894404e+00]
 [ 7.42344944e+00  1.21411734e+00]
 [ 7.42766644e+00  1.31323698e+00]
 [ 7.45229231e+00  2.02690340e+00]
 [ 6.13247270e+00  2.74181622e+00]
 [ 5.88106763e+00  2.73475858e+00]
 [ 7.24371482e+00  1.59232270e+00]
 [ 5.34081818e+00  2.72367275e+00]
 [ 4.17612806e+00  2.17454060e+00]
 [ 4.24297753e+00  2.62958593e+00]
 [ 4.14607618e+00  2.57787556e+00]
 [ 3.83416937e+00  2.70862386e+00]
 [ 3.55272033e+00  2.65173618e+00]
 [ 6.59488895e+00  1.01531343e+00]
 [ 2.96280483e+00  2.17786802e+00]
 [ 2.08706903e+00  2.47189492e+00]
 [ 5.99920657e+00 -1.25740127e-02]
 [ 1.22877931e+00  2.40583681e+00]
 [ 5.86137383e+00 -3.67734785e-01]
 [ 5.98555364e-01  2.14200791e+00]
 [-8.58916464e-01  1.26091372e+00]
 [ 5.01200490e+00 -8.71893125e-01]
 [-2.12914632e+00  2.39535144e+00]
 [-2.55369098e+00  2.44721800e+00]
 [-3.02740473e+00  2.43882052e+00]
 [-3.69677281e+00  2.38644900e+00]
 [-4.33125977e+00  2.32545130e+00]
 [-5.06020843e+00  2.14380193e+00]
 [ 3.82658906e+00 -2.54779276e+00]
 [-6.38212805e+00  1.92920589e+00]
 [ 3.37878242e+00 -3.51790849e+00]
 [-8.08334673e+00  1.88925383e+00]
 [ 2.72351755e+00 -3.88238752e+00]
 [ 2.58616768e+00 -4.24934672e+00]
 [-1.09462903e+01  5.73778505e-01]
 [ 1.90758029e+00 -4.81853517e+00]
 [-1.27815519e+01  2.07616464e+00]
 [ 1.39000601e+00 -5.38323765e+00]
 [-1.47687355e+01  1.99130818e+00]
 [ 6.71075883e-01 -6.37819073e+00]
 [-1.73358561e+01  1.77833890e+00]
 [-1.89405456e-01 -7.54077603e+00]
 [-2.12745714e+01  1.36548948e+00]
 [-1.75750498e+00 -9.40764711e+00]
 [-2.77101858e+00 -2.84220589e+01]
 [-2.92034420e+01  2.23306417e+00]]"
13,"[[  1.61688267   0.88241567]
 [  1.88988303 -13.9612985 ]
 [ -3.06626967   0.88076556]
 [ -3.40927927   0.91575578]
 [  0.95936565   0.93896146]
 [  1.66164255   0.94319918]
 [  1.34263453   0.91992473]
 [  1.41965332   0.86341556]
 [  1.6461542    0.78081892]
 [  1.71305701   0.82424248]
 [  1.66679671   0.82391615]
 [  1.55876369   0.73879955]
 [  1.54831398   0.73137417]
 [  1.65443471   0.69945153]
 [  1.70906682   0.67055925]
 [  1.7111596    0.6436278 ]
 [  1.68728146   0.62131446]
 [  1.69480524   0.57777769]
 [  1.7235644    0.50324721]
 [  1.73122456   0.41734478]
 [  1.72285593   0.33357044]
 [  1.7199351    0.26259172]
 [  1.72807292   0.22051142]
 [  1.74024515   0.21333963]
 [  1.73630848   0.23513081]
 [  1.7095701    0.27662163]
 [  1.68698864   0.3317338 ]
 [  1.68174236   0.39978479]
 [  1.69572291   0.47475621]
 [  1.72912143   0.5199997 ]
 [  1.72727042   0.51293499]
 [  1.70217404   0.50290927]
 [  1.6795415    0.52573086]
 [  1.61569456   0.55668024]
 [  1.52725635   0.57563151]
 [  1.55747367   0.57788595]
 [  1.66262486   0.56240038]
 [  1.65247927   0.54374188]
 [  1.50693007   0.55859397]
 [  1.35694864   0.59138317]
 [  1.45906224   0.57736239]
 [  1.48634452   0.51704502]
 [  1.25651848   0.47900271]
 [  0.87280962   0.49273996]
 [  0.86973944   0.49612653]
 [  1.20219408   0.46687171]
 [-64.49434482  -0.23917189]
 [  1.74958485 -11.98152226]]"
14,"[[  9.88626299   0.50240134]
 [  8.5408483    0.54889689]
 [  9.62209123   0.48114957]
 [  9.53951622   0.66722831]
 [  9.53447925   0.50752601]
 [  7.0639787    0.37498334]
 [  9.41619512   0.46620474]
 [  9.35505829   0.52766923]
 [  6.22143905   0.131033  ]
 [  9.13821167   0.45746515]
 [  4.55453295   0.08304653]
 [  2.03810478   0.35925261]
 [  7.85832495   0.38141253]
 [ -0.70745828  -0.52102054]
 [ -2.06665598  -1.73897851]
 [  7.22137302   0.04428809]
 [  7.3719299    0.04390352]
 [  7.53797601   0.0895422 ]
 [  2.0224396   -0.50399738]
 [  8.46457291   0.73085365]
 [  8.49472506   0.68731662]
 [  3.15187713   0.05003173]
 [  8.25880825   0.45379596]
 [  0.70448152  -0.60914569]
 [ -4.11254296  -0.58781507]
 [  6.17463452  -0.11624785]
 [ -5.83806253  -2.0224537 ]
 [ -2.76511369  -1.32582964]
 [ -0.32401951  -0.0269127 ]
 [ -2.4959588   -1.01908755]
 [ -8.34638629  -1.66599341]
 [ -6.17939879  -1.68659249]
 [ -3.52686906  -0.20135127]
 [ -5.4976254   -1.32255139]
 [-10.42562524  -1.52173633]
 [ -8.8620138   -1.853763  ]
 [ -6.43131898  -0.22854293]
 [ -7.70267979  -1.6686426 ]
 [-11.2433299   -1.58848419]
 [-10.57522641  -2.15882563]
 [ -7.58708682  -0.97368836]
 [ -8.5249653   -1.90275948]
 [ -8.57930434  -1.34546102]
 [ -6.7706627   -1.57858768]
 [ -5.04013839  -0.67696263]
 [ -5.36406295  -1.6339235 ]
 [ -5.54655968  -0.44957253]
 [ -4.10063515  -1.14557904]
 [ -2.8350123   -1.05273514]
 [-10.72314837  25.53924022]]"
15,"[[ 2.41923732e+00  9.26454371e-01]
 [ 2.77775906e+00 -1.65821056e+01]
 [-6.36752288e+01 -1.64819474e-01]
 [ 1.31684073e+00  9.00283052e-01]
 [-3.15865633e-01  9.20685719e-01]
 [-4.97727237e-01  9.31808797e-01]
 [ 1.84959550e+00  9.47873265e-01]
 [ 2.42928780e+00  9.56831756e-01]
 [ 2.07602354e+00  9.45346713e-01]
 [ 1.93654648e+00  9.08463186e-01]
 [ 2.22175201e+00  8.62475231e-01]
 [ 2.41543166e+00  8.45657904e-01]
 [ 2.46321523e+00  8.48308643e-01]
 [ 2.41291821e+00  8.37767097e-01]
 [ 2.39846461e+00  8.07402592e-01]
 [ 2.44326838e+00  7.70080390e-01]
 [ 2.49836679e+00  7.37358473e-01]
 [ 2.50927456e+00  6.95824038e-01]
 [ 2.46469401e+00  6.54792527e-01]
 [ 2.46688458e+00  6.18034326e-01]
 [ 2.53616117e+00  5.38101127e-01]
 [ 2.56225492e+00  3.99403003e-01]
 [ 2.56342708e+00  2.28483080e-01]
 [ 2.55922002e+00  7.24213072e-02]
 [ 2.53320016e+00  3.12428319e-03]
 [ 2.46484194e+00  5.87279351e-02]
 [ 2.37636471e+00  1.72589310e-01]
 [ 2.37220164e+00  3.62167089e-01]
 [ 2.41815123e+00  5.61329400e-01]
 [ 2.41922864e+00  5.90348231e-01]
 [ 2.43051500e+00  5.48820042e-01]
 [ 2.51407138e+00  5.65642516e-01]
 [ 2.55457195e+00  5.87773275e-01]
 [ 2.53600776e+00  6.22820449e-01]
 [ 2.54649574e+00  6.35232143e-01]
 [ 2.49880165e+00  6.08998236e-01]
 [ 2.47806545e+00  6.19863044e-01]
 [ 2.39051659e+00  6.00698608e-01]
 [ 2.20669508e+00  5.80004159e-01]
 [ 2.08708149e+00  6.38942690e-01]
 [ 2.37469591e+00  6.51308021e-01]
 [ 2.43814866e+00  6.02364048e-01]
 [ 2.08632305e+00  5.51995015e-01]
 [ 1.57591036e+00  5.51205964e-01]
 [ 1.61509331e+00  5.54661783e-01]
 [ 2.08805356e+00  5.40622999e-01]
 [-3.85172120e+01 -1.57353019e-01]
 [ 2.68037469e+00 -1.06588177e+01]]"
16,"[[ 3.39780790e+00 -1.88711992e+00]
 [ 3.22336054e+00 -9.49802737e-01]
 [ 3.15426337e+00 -1.90097490e+00]
 [ 3.12676179e+00 -1.82635721e+00]
 [ 3.17378843e+00 -1.79829170e+00]
 [ 3.19174511e+00 -1.56365168e+00]
 [ 3.35359065e+00 -1.64571120e+00]
 [ 3.25612227e+00 -1.33870260e+00]
 [ 3.30616519e+00 -1.21428581e+00]
 [ 3.28949633e+00 -1.27595569e+00]
 [ 3.39121585e+00 -1.42022095e+00]
 [ 3.31881091e+00 -1.08257855e+00]
 [ 3.39264371e+00 -1.16028117e-01]
 [ 3.35348373e+00 -1.70064033e+00]
 [ 3.32597095e+00 -1.77494794e+00]
 [ 3.35053728e+00 -1.24850474e+00]
 [ 3.29231402e+00 -1.19811751e+00]
 [ 3.34212302e+00 -9.09926477e-01]
 [ 3.24029874e+00 -1.39089061e+00]
 [ 3.19081249e+00 -1.49381412e+00]
 [ 3.16099697e+00 -1.76724649e+00]
 [ 2.81581500e+00 -1.81444970e+00]
 [ 3.32500558e+00 -1.76340039e+00]
 [ 3.12759714e+00 -1.54100407e+00]
 [ 3.34855007e+00 -7.22285077e-01]
 [ 3.34056027e+00 -1.83620571e+00]
 [ 3.18893376e+00 -1.87610062e+00]
 [ 3.11177574e+00 -1.85574605e+00]
 [ 3.31912116e+00 -1.75519690e+00]
 [ 3.11800185e+00 -1.80573872e+00]
 [ 3.31569292e+00 -1.78421884e+00]
 [ 3.13688265e+00 -1.56629153e+00]
 [ 3.33069623e+00 -1.65182337e+00]
 [ 3.17523622e+00 -1.50945870e+00]
 [ 3.34810171e+00 -1.36197971e+00]
 [ 3.22081934e+00 -1.38873479e+00]
 [ 3.36556091e+00 -9.78320987e-01]
 [ 3.29292278e+00 -1.29963770e+00]
 [ 3.42693257e+00  1.38956168e+00]
 [ 3.38048128e+00 -1.20629534e+00]
 [ 3.31631208e+00 -1.78754282e+00]
 [ 3.34774469e+00 -1.84839890e+00]
 [ 3.24141779e+00 -1.89108496e+00]
 [ 3.22158024e+00 -1.59400232e+00]
 [ 3.21551638e+00 -1.63019760e+00]
 [ 3.34262995e+00 -9.34390161e-01]
 [ 3.17359791e+00 -1.10549276e+00]
 [ 2.90563588e+00 -1.39358121e+00]
 [ 4.25117496e+00  6.75980739e+01]
 [-1.60536606e+02  4.17712634e-01]]"
17,"[[  -7.62485351    1.46541671]
 [ 228.23644833   14.51881971]
 [  -4.62451116    2.39091502]
 [  -7.22933404    1.37233426]
 [  -7.37627385    1.30523866]
 [  -7.41734289    1.22484055]
 [  -7.56434475    1.41149248]
 [  -7.47378801    1.19466567]
 [  -7.59656794    1.38142499]
 [  -7.41082438    1.23853713]
 [  -7.58193667    1.39962046]
 [  -7.24293381    1.35045557]
 [  -7.51723468    1.4643579 ]
 [  -6.61877112    1.66902345]
 [  -7.34302489    1.58759624]
 [  -6.30745505    1.86440393]
 [  -2.19987579    3.29863813]
 [  -7.50053131    1.41292384]
 [  -7.29516724    1.47944039]
 [  -7.0475728     1.73386726]
 [  -6.47386818    1.74566585]
 [  -7.04231379    1.70092749]
 [  -6.81096731    1.57699412]
 [  -7.3528153     1.37656133]
 [  -7.28245044    1.29539207]
 [  -7.13829481    1.32724273]
 [  -6.93379297    1.55767596]
 [  -7.59718569    1.39165753]
 [  -7.43537249    1.28517679]
 [  -7.38246877    1.26962123]
 [  -7.51416139    1.44424904]
 [  -7.02246176    1.4385598 ]
 [  -7.31091254    1.57793168]
 [  -6.753254      1.60640764]
 [  -7.04695496    1.73537736]
 [  -6.69062421    1.6705997 ]
 [  -7.40129745    1.56783512]
 [  -7.34140875    1.59610737]
 [   2.66520433    4.96617551]
 [  -7.38447361    1.56751935]
 [  -7.46472766    1.43018525]
 [  -7.42148288    1.37542212]
 [  -7.45544023    1.35918589]
 [  -6.93848324    1.53283945]
 [  -6.28317892    1.72689491]
 [  -7.26830094    1.42082931]
 [  43.40178504   28.77102137]
 [  35.41559847 -116.07806833]]"
18,"[[ 3.66036972e+00  7.26755326e-01]
 [ 3.72041128e+00 -5.87035063e+00]
 [-1.99268795e+01  5.80031655e-01]
 [-1.36590089e+01  7.86895442e-01]
 [ 2.70491057e+00  8.51798970e-01]
 [ 3.17251706e+00  8.39357629e-01]
 [ 2.92409347e+00  8.02598661e-01]
 [ 3.34965057e+00  7.39294197e-01]
 [ 3.55973106e+00  6.95242004e-01]
 [ 3.62337211e+00  6.84283377e-01]
 [ 3.53512617e+00  6.72447714e-01]
 [ 3.42254513e+00  6.43119282e-01]
 [ 3.47457549e+00  6.05925157e-01]
 [ 3.59979172e+00  5.75765391e-01]
 [ 3.65200635e+00  5.44031852e-01]
 [ 3.61527964e+00  5.14333667e-01]
 [ 3.57482822e+00  4.92822598e-01]
 [ 3.59939802e+00  4.53266486e-01]
 [ 3.64904048e+00  3.86363266e-01]
 [ 3.66268106e+00  3.05747700e-01]
 [ 3.65132617e+00  2.23537865e-01]
 [ 3.64716959e+00  1.54939941e-01]
 [ 3.65183888e+00  1.13754979e-01]
 [ 3.64020826e+00  1.06163828e-01]
 [ 3.60997863e+00  1.27697050e-01]
 [ 3.59346995e+00  1.67008615e-01]
 [ 3.60243098e+00  2.20494477e-01]
 [ 3.62573756e+00  2.86620985e-01]
 [ 3.65367851e+00  3.55523243e-01]
 [ 3.67158623e+00  3.82725995e-01]
 [ 3.66796149e+00  3.59254172e-01]
 [ 3.65099085e+00  3.61411833e-01]
 [ 3.61138676e+00  4.02446189e-01]
 [ 3.52106733e+00  4.35675653e-01]
 [ 3.46832704e+00  4.47208381e-01]
 [ 3.55552446e+00  4.42405656e-01]
 [ 3.63584956e+00  4.29337892e-01]
 [ 3.55765777e+00  4.23595201e-01]
 [ 3.38021847e+00  4.46083228e-01]
 [ 3.36031300e+00  4.65742715e-01]
 [ 3.52753059e+00  4.40758449e-01]
 [ 3.43510879e+00  3.96649111e-01]
 [ 3.09097107e+00  3.94908134e-01]
 [ 2.72969407e+00  4.25869579e-01]
 [ 3.04561077e+00  4.24489467e-01]
 [-1.20100741e+02 -2.50858984e-01]
 [ 3.60066448e+00 -1.42131734e+01]]"
19,"[[   4.77748859    3.19403683]
 [   4.62611836    2.64922718]
 [   4.47828013    2.52047601]
 [   4.37411423    2.55600973]
 [   4.68646592    3.06616948]
 [   4.60167854    1.8044401 ]
 [   4.76256137    0.4482269 ]
 [   4.7206301     3.17966991]
 [   4.5719937     2.94885063]
 [   4.49218743    3.07251131]
 [   4.46924086    3.12332657]
 [   4.65736436    3.12864308]
 [   4.16375191    3.01729539]
 [   3.5349695     3.04591439]
 [   4.61288741    3.0702763 ]
 [   3.67540291    3.05042638]
 [   4.70530493    3.16929644]
 [   4.42722775    3.15111435]
 [   4.62172677    3.10172236]
 [   4.2627707     3.10353353]
 [   4.05689487    3.10832107]
 [   3.11259814    3.02136176]
 [   4.44276249    3.1551025 ]
 [   3.4577202     3.11192897]
 [   4.65365665    3.18157063]
 [   4.41565377    3.17114641]
 [   3.98573332    3.06534626]
 [   3.05220418    3.07741103]
 [   4.55766798    3.17176109]
 [   4.46818307    3.1511025 ]
 [   3.8585374     3.08518896]
 [   3.12078122    2.98030439]
 [   3.71265971    2.99130174]
 [   3.08566444    2.89303764]
 [   3.42625559    2.8727789 ]
 [   2.72526957    2.66157989]
 [   3.40919857    2.75577521]
 [   2.53505557    2.44539172]
 [   3.26283144    2.16814526]
 [   2.46452243    2.05488378]
 [   3.22827607    2.22351487]
 [   2.68231829    1.74060134]
 [   3.11252959    1.26006032]
 [   3.14072956    2.11720603]
 [   3.66974789    2.80264953]
 [   2.93510974    1.93539135]
 [   3.77546657    2.45574371]
 [   2.81252019    2.77000742]
 [   8.2913886  -128.9965715 ]
 [-194.67410259   -2.83320963]]"
20,"[[ 3.37177514e+00  8.78144493e-01]
 [ 3.48957633e+00 -8.84797711e+00]
 [-1.98761669e+01  7.24380287e-01]
 [-4.19878416e-01  9.02301988e-01]
 [ 4.60996615e-01  9.26420266e-01]
 [ 2.95438174e+00  9.25984839e-01]
 [ 3.24470872e+00  9.25053009e-01]
 [ 2.78303376e+00  9.07733331e-01]
 [ 2.72363195e+00  8.64602972e-01]
 [ 3.15289335e+00  7.83496216e-01]
 [ 3.31035744e+00  8.32853706e-01]
 [ 3.30056987e+00  8.32653870e-01]
 [ 3.22562832e+00  7.43111244e-01]
 [ 3.24349059e+00  7.46952585e-01]
 [ 3.36338340e+00  7.13831676e-01]
 [ 3.39246467e+00  6.73887448e-01]
 [ 3.35427285e+00  6.24331643e-01]
 [ 3.32280886e+00  5.82269939e-01]
 [ 3.37917842e+00  5.29237437e-01]
 [ 3.44495042e+00  4.18302558e-01]
 [ 3.44581988e+00  2.53949068e-01]
 [ 3.41626755e+00  8.35179245e-02]
 [ 3.36383322e+00 -1.87735177e-02]
 [ 3.28837886e+00  1.07779690e-02]
 [ 3.20739987e+00  1.47139936e-01]
 [ 3.17209261e+00  3.09030177e-01]
 [ 3.19709604e+00  4.40687505e-01]
 [ 3.20646395e+00  5.06067967e-01]
 [ 3.25013403e+00  5.07374172e-01]
 [ 3.37217542e+00  5.09400787e-01]
 [ 3.38198122e+00  5.40686993e-01]
 [ 3.37263478e+00  5.73805849e-01]
 [ 3.40218989e+00  2.36603019e-01]
 [ 3.37814714e+00  6.95101198e-01]
 [ 3.34742840e+00  6.73454468e-01]
 [ 3.23811508e+00  2.25254494e-01]
 [ 2.81055152e+00  5.87549627e-01]
 [ 3.36132233e+00  5.73737176e-01]
 [ 3.17294009e+00  5.27622150e-01]
 [ 2.63276870e+00  5.25996740e-01]
 [ 2.01886950e+00  5.61837808e-01]
 [ 2.45472609e+00  5.68740807e-01]
 [-1.08149907e+02 -2.64030799e-01]
 [ 3.43651421e+00 -1.44631039e+01]]"
21,"[[ 6.77972322e+00 -8.03394563e-01]
 [-1.79885434e+02  2.22416937e+01]
 [ 6.51911468e+00 -6.98701453e-01]
 [ 6.58464763e+00 -9.43399227e-01]
 [ 6.55707325e+00 -8.77934655e-01]
 [ 6.46510360e+00 -7.93039251e-01]
 [ 6.68603576e+00 -7.48953368e-01]
 [ 6.34045905e+00 -5.88551896e-01]
 [ 6.59215783e+00 -5.12543429e-01]
 [ 5.97989854e+00 -3.61854061e-02]
 [ 6.51330927e+00 -3.13682351e-01]
 [ 6.00233476e+00 -2.97899903e-02]
 [ 6.66074387e+00 -5.83600804e-01]
 [ 4.44196820e+00  1.96862630e+00]
 [ 6.27968570e+00 -2.95885950e-01]
 [ 6.46894717e+00 -2.41547994e-01]
 [ 6.10088828e+00 -2.79587732e-01]
 [ 6.18805886e+00 -1.13454558e+00]
 [ 6.73366332e+00 -8.01135416e-01]
 [ 6.33368346e+00 -6.72923382e-01]
 [ 4.91531226e+00  1.35113189e+00]
 [ 6.70674420e+00 -7.60767650e-01]
 [ 6.55567654e+00 -8.20733730e-01]
 [ 6.52256039e+00 -8.92468774e-01]
 [ 6.67070265e+00 -7.37504225e-01]
 [ 6.38672986e+00 -7.11464461e-01]
 [ 6.67149369e+00 -7.23082286e-01]
 [ 6.16111936e+00 -3.84515892e-01]
 [ 6.56102797e+00 -4.61159032e-01]
 [ 6.10194490e+00 -2.54402088e-01]
 [ 6.45276135e+00 -2.14297096e-01]
 [ 6.61626437e+00 -5.56297473e-01]
 [ 6.54946573e+00 -4.14308475e-01]
 [ 6.08989937e+00 -1.75630465e-01]
 [ 6.66183525e+00 -6.00771860e-01]
 [ 3.27440314e+00  3.35363814e+00]
 [ 2.54575092e+00  4.32525787e+00]
 [ 6.54623336e+00 -3.84838353e-01]
 [ 6.64785491e+00 -7.50166228e-01]
 [ 6.71026031e+00 -7.94088871e-01]
 [ 6.56522939e+00 -7.83648160e-01]
 [ 6.55193218e+00 -4.49499743e-01]
 [ 6.37199639e+00 -5.42904627e-01]
 [ 6.41690758e+00 -1.94456219e-01]
 [ 5.86344904e+00 -5.09115580e-02]
 [ 6.42725721e+00 -5.14941545e-01]
 [-1.80668216e+01  5.07282086e+01]
 [-8.18200535e+01 -6.14402952e+01]]"
22,"[[-7.84273312e+00  1.71561616e+00]
 [-6.56639456e+00  1.35365871e+00]
 [-6.10945437e+00  1.62269331e+00]
 [-5.90834286e+00  1.26493140e+00]
 [-5.69803740e+00  1.22192220e+00]
 [-5.04378395e+00  1.07215287e+00]
 [-4.22666972e+00  1.22376667e+00]
 [-7.07477686e+00  1.64475224e+00]
 [-4.53269332e+00  8.78671526e-01]
 [-4.74767683e+00  9.90521891e-01]
 [-4.49502262e+00  1.09514936e+00]
 [-3.56138319e+00  6.27424991e-01]
 [-2.92139550e+00  6.41184325e-01]
 [-3.45324419e+00  6.09926815e-01]
 [-3.26006388e+00  8.51347701e-01]
 [-2.32929594e+00  2.54733311e-01]
 [-1.54692982e+00  5.64372378e-01]
 [-1.95189431e+00  2.36652787e-01]
 [-2.35125776e+00  2.77961288e-01]
 [-2.17324505e+00  5.82189406e-01]
 [-1.28031080e+00 -1.02053349e-01]
 [-6.40389775e-01  2.50206000e-03]
 [-1.35602336e+00 -3.15995516e-02]
 [-1.19404028e+00  2.63938640e-01]
 [-3.52349325e-01 -4.40551673e-01]
 [ 4.04983796e-01 -2.60707543e-01]
 [-4.31534094e-01 -4.03901399e-01]
 [-2.82933477e-01  9.13409990e-02]
 [ 5.83565923e-01 -7.44869277e-01]
 [ 1.37430256e+00 -5.31584230e-01]
 [ 4.57694435e-01 -6.31050604e-01]
 [ 5.82533671e-01 -1.56844468e-01]
 [ 1.28737100e+00 -1.02701169e+00]
 [ 2.27807527e+00 -7.67619749e-01]
 [ 1.31141633e+00 -9.46298569e-01]
 [ 1.41661294e+00 -4.15485253e-01]
 [ 2.24309139e+00 -1.27491363e+00]
 [ 3.02446524e+00 -1.02295585e+00]
 [ 2.08938279e+00 -1.13983440e+00]
 [ 2.20465053e+00 -4.80646910e-01]
 [ 2.98884146e+00 -1.45669642e+00]
 [ 3.84988540e+00 -1.11406726e+00]
 [ 2.85922724e+00 -1.32578388e+00]
 [ 2.96208795e+00 -6.78726129e-01]
 [ 3.57218432e+00 -1.63606045e+00]
 [ 4.46759795e+00 -1.26382937e+00]
 [ 3.52848519e+00 -1.40299752e+00]
 [ 3.68520875e+00 -8.21991460e-01]
 [ 9.35962275e+00 -4.34649398e+00]
 [ 3.48005895e+01  5.33716359e+00]]"
23,"[[  -8.65541292    1.80698219]
 [ 233.89016581   13.43314665]
 [  -5.6817183     2.67236453]
 [  -8.58207196    1.76983072]
 [  -8.30374717    1.68285973]
 [  -8.45571941    1.56365359]
 [  -8.48297476    1.59419518]
 [  -8.51844998    1.54590222]
 [  -8.60888452    1.74303422]
 [  -8.28259104    1.68282505]
 [  -8.54394888    1.80638611]
 [  -7.96665022    1.86799958]
 [  -7.12127215    2.21348827]
 [  -7.9345062     1.93967612]
 [  -8.3037607     1.97778417]
 [  -8.08996336    1.91540666]
 [  -8.07608453    1.89527545]
 [  -8.41440574    1.72896375]
 [  -8.36199073    1.61694538]
 [  -8.18396564    1.65705351]
 [  -7.96793405    1.88706109]
 [  -8.63038491    1.73194344]
 [  -8.47758567    1.62123913]
 [  -8.41847507    1.6068867 ]
 [  -8.55164895    1.78058904]
 [  -8.05055883    1.77231067]
 [  -8.34255213    1.91334935]
 [  -7.78201946    1.93447598]
 [  -8.07399148    2.06802174]
 [  -7.72016465    1.99720181]
 [  -8.44335158    1.89920734]
 [  -8.37954906    1.92828369]
 [   2.12163579    5.29018071]
 [  -8.42668931    1.89854744]
 [  -8.49304532    1.77031204]
 [  -8.45069039    1.71453645]
 [  -8.49771893    1.69578645]
 [  -7.96251181    1.86557606]
 [  -7.3094051     2.04794119]
 [  -8.30232449    1.75551398]
 [  42.37400363   28.12115567]
 [  32.46291416 -116.41389305]]"
24,"[[ 3.08650884e+00  9.16983930e-01]
 [ 3.21785894e+00 -1.27234265e+01]
 [-1.05946145e-01  9.19897227e-01]
 [-5.27597623e+00  9.49562270e-01]
 [ 2.29854277e+00  9.84012375e-01]
 [ 2.61061494e+00  9.74980163e-01]
 [ 1.81703574e+00  9.34052915e-01]
 [ 2.93980883e+00  7.65627129e-01]
 [ 3.08547626e+00  8.90468284e-01]
 [ 3.06632661e+00  8.88439595e-01]
 [ 2.92359621e+00  6.69716686e-01]
 [ 2.80583673e+00  7.52325409e-01]
 [ 3.05943205e+00  7.23685144e-01]
 [ 3.11379135e+00  6.92936707e-01]
 [ 3.07814507e+00  6.63462963e-01]
 [ 3.03362569e+00  6.42604800e-01]
 [ 3.06303972e+00  6.03827147e-01]
 [ 3.11171603e+00  5.37035412e-01]
 [ 3.12156868e+00  4.57044934e-01]
 [ 3.11340782e+00  3.75560630e-01]
 [ 3.11133562e+00  3.07446390e-01]
 [ 3.11389979e+00  2.67222683e-01]
 [ 3.10078118e+00  2.61236825e-01]
 [ 3.07192474e+00  2.84602026e-01]
 [ 3.05632068e+00  3.26123210e-01]
 [ 3.06455884e+00  3.82312137e-01]
 [ 3.08675945e+00  4.51477272e-01]
 [ 3.11256939e+00  5.23739685e-01]
 [ 3.13258430e+00  5.54332486e-01]
 [ 3.13074771e+00  5.34270997e-01]
 [ 3.11054016e+00  5.40276670e-01]
 [ 3.07067520e+00  5.85593631e-01]
 [ 2.98369417e+00  6.23568960e-01]
 [ 2.93091696e+00  6.40265716e-01]
 [ 3.01516554e+00  6.41131855e-01]
 [ 3.09211599e+00  6.33908383e-01]
 [ 3.01582882e+00  6.34229560e-01]
 [ 2.83926747e+00  6.63742995e-01]
 [ 2.81631498e+00  6.90932489e-01]
 [ 2.98723700e+00  6.74130202e-01]
 [ 2.89496215e+00  6.38832866e-01]
 [ 2.54815880e+00  6.46363798e-01]
 [ 2.18952244e+00  6.87110667e-01]
 [ 2.50210703e+00  6.96311348e-01]
 [-1.21305941e+02 -1.49889210e-01]
 [ 3.16354260e+00 -1.43580708e+01]]"
25,"[[   4.79412661    3.20547008]
 [   4.66474088    2.56417335]
 [   4.56581231    2.74438091]
 [   4.7141237     2.87850765]
 [   4.49951576    2.5839741 ]
 [   4.49483596    2.50838548]
 [   4.78038228    0.45852764]
 [   4.73771964    3.18583892]
 [   4.58920412    2.96179319]
 [   4.50936471    3.08476331]
 [   4.48644837    3.13510585]
 [   4.67416128    3.14222054]
 [   4.18088675    3.02979524]
 [   3.552084      3.05700073]
 [   4.62981349    3.08093597]
 [   3.69252913    3.06161151]
 [   4.72225927    3.18072076]
 [   4.44426386    3.16284312]
 [   4.63870139    3.11381972]
 [   4.27981876    3.11606554]
 [   4.0742835     3.12059816]
 [   3.13029402    3.03346902]
 [   4.4597074     3.16668197]
 [   3.47516283    3.12432726]
 [   4.67061148    3.19271359]
 [   4.43272326    3.18246034]
 [   4.00311457    3.07681528]
 [   3.06940324    3.08890636]
 [   4.57458864    3.18313958]
 [   4.48520031    3.16206858]
 [   3.87592911    3.09687485]
 [   3.13822929    2.99290857]
 [   3.7299886     3.00331309]
 [   3.10300537    2.90428785]
 [   3.44388185    2.88483548]
 [   2.7427962     2.67333704]
 [   3.4267105     2.76755618]
 [   2.55248775    2.45696143]
 [   3.28049033    2.18052191]
 [   2.48203398    2.06649603]
 [   3.24582024    2.23530646]
 [   2.69969556    1.75257606]
 [   3.13010134    1.27215415]
 [   3.15833316    2.129734  ]
 [   3.68722863    2.81465918]
 [   2.95269663    1.94757689]
 [   3.79306592    2.46952823]
 [   2.83002371    2.78425186]
 [   8.35869898 -130.1461235 ]
 [-195.65709869   -2.87386952]]"
26,"[[ 3.37684574e+00  8.78309651e-01]
 [ 3.49466712e+00 -8.85223506e+00]
 [-2.00073738e+01  7.23505166e-01]
 [-4.24093201e-01  9.02516242e-01]
 [ 4.77549188e-01  9.26338829e-01]
 [ 2.95131381e+00  9.25843512e-01]
 [ 3.24523406e+00  9.25447231e-01]
 [ 2.79543944e+00  9.08099090e-01]
 [ 2.73150584e+00  8.64683418e-01]
 [ 3.15628995e+00  7.83484820e-01]
 [ 3.31317113e+00  8.32964939e-01]
 [ 3.30524916e+00  8.32894632e-01]
 [ 3.23283313e+00  7.43305061e-01]
 [ 3.24865597e+00  7.47027200e-01]
 [ 3.36717296e+00  7.13985045e-01]
 [ 3.39704880e+00  6.74104853e-01]
 [ 3.36121761e+00  6.24601287e-01]
 [ 3.32916834e+00  5.82262883e-01]
 [ 3.38103337e+00  5.29237362e-01]
 [ 3.45038412e+00  4.18763936e-01]
 [ 3.45145289e+00  2.54033978e-01]
 [ 3.42080814e+00  8.34871210e-02]
 [ 3.36827994e+00 -1.85918982e-02]
 [ 3.29375567e+00  1.09111448e-02]
 [ 3.21339703e+00  1.47288914e-01]
 [ 3.17750510e+00  3.09185674e-01]
 [ 3.19854551e+00  4.40925360e-01]
 [ 3.21137856e+00  5.06045160e-01]
 [ 3.25991306e+00  5.07507577e-01]
 [ 3.37838766e+00  5.09806384e-01]
 [ 3.38968854e+00  5.41033162e-01]
 [ 3.38229537e+00  5.73965382e-01]
 [ 3.40889962e+00  2.36442898e-01]
 [ 3.38491103e+00  6.95314935e-01]
 [ 3.35209490e+00  6.73770981e-01]
 [ 3.23947699e+00  2.25339604e-01]
 [ 2.81452260e+00  5.87313780e-01]
 [ 3.37079108e+00  5.74060428e-01]
 [ 3.17893848e+00  5.28014898e-01]
 [ 2.63710861e+00  5.26465384e-01]
 [ 2.02109543e+00  5.62136397e-01]
 [ 2.46173619e+00  5.68602042e-01]
 [-1.08239919e+02 -2.64492030e-01]
 [ 3.44162425e+00 -1.44637074e+01]]"
27,"[[-2.28174705e+00 -2.13193501e+00]
 [-2.13936389e+00 -1.63376942e+00]
 [-2.21607868e+00 -2.09868244e+00]
 [-1.96792288e+00 -2.09124505e+00]
 [-2.22951650e+00 -2.07518053e+00]
 [-1.97917798e+00 -1.89837117e+00]
 [-2.22090040e+00 -2.03754811e+00]
 [-2.09074724e+00 -1.80901627e+00]
 [-2.14145525e+00 -1.78880431e+00]
 [-2.13042756e+00 -1.48585716e+00]
 [-2.27606369e+00 -1.58194159e+00]
 [-2.15799649e+00 -1.57918887e+00]
 [-2.28127466e+00 -1.72610865e+00]
 [-2.29946848e+00  7.88067420e-02]
 [-2.48875548e+00  4.69540808e+00]
 [-2.32570328e+00 -3.73084477e-01]
 [-2.23187475e+00 -2.01786331e+00]
 [-2.25886068e+00 -1.89053062e+00]
 [-2.19593852e+00 -2.00911010e+00]
 [-2.26127455e+00 -1.51818095e+00]
 [-2.10598936e+00 -1.62194740e+00]
 [-2.01889707e+00 -2.07137470e+00]
 [-2.26264108e+00 -5.72545528e-01]
 [-2.23518672e+00 -2.04377322e+00]
 [-2.09661535e+00 -2.06918438e+00]
 [-2.02258965e+00 -2.08954850e+00]
 [-2.21350370e+00 -1.99237590e+00]
 [-2.03753345e+00 -1.94905790e+00]
 [-2.22137913e+00 -1.96788385e+00]
 [-2.07948726e+00 -1.70511191e+00]
 [-2.24560217e+00 -1.64555226e+00]
 [-2.12080655e+00 -1.61498498e+00]
 [-2.26475508e+00 -1.33348535e+00]
 [-2.25078084e+00 -1.76589607e+00]
 [-2.25827061e+00 -1.57534841e+00]
 [-2.16388710e+00 -1.58937991e+00]
 [-2.27134298e+00 -1.83888252e+00]
 [-2.32419087e+00  1.33654410e+00]
 [-2.40629077e+00  2.07771912e+00]
 [-2.26816640e+00 -1.58330242e+00]
 [-2.21630995e+00 -2.06729454e+00]
 [-2.22225997e+00 -2.08378582e+00]
 [-2.12895226e+00 -2.05139956e+00]
 [-2.24341160e+00 -1.61856925e+00]
 [-2.13888661e+00 -1.86121863e+00]
 [-2.24234966e+00 -1.27082096e+00]
 [-2.06997188e+00 -1.42944516e+00]
 [-2.09755258e+00 -1.59629315e+00]
 [-4.31481216e+00  6.72595315e+01]
 [ 1.09716971e+02  1.30687084e+00]]"
28,"[[  4.16054914  -1.64886593]
 [-53.99157516  39.5540571 ]
 [  3.68703049  -1.12457279]
 [  3.89609155  -1.65200179]
 [  3.9384885   -1.69077977]
 [  3.89772965  -1.69548943]
 [  4.06695934  -1.60089915]
 [  3.80166526  -1.46150629]
 [  4.06780044  -1.55031725]
 [  3.45763671  -0.74860029]
 [  3.92651837  -1.18897299]
 [  3.53392272  -0.82457585]
 [  4.04576264  -1.41505326]
 [  3.39948349  -0.47553691]
 [  3.00723715   0.19912442]
 [  3.9944595   -1.54332649]
 [  4.00205693  -1.54408943]
 [  3.22177504  -0.37945959]
 [  3.54858047  -1.0322675 ]
 [  3.86640198  -1.67452889]
 [  3.72725787  -1.18523574]
 [  4.10002673  -1.67538181]
 [  3.92258082  -1.66091697]
 [  3.82701891  -1.55474233]
 [  4.06350246  -1.58593419]
 [  3.67397456  -1.24319468]
 [  3.58877111  -1.01138652]
 [  3.51784121  -0.94539199]
 [  4.06558896  -1.48117657]
 [  3.48055657  -0.70918145]
 [ -0.58105221   5.75376579]
 [  4.08157591  -1.54418481]
 [  4.07753738  -1.65615135]
 [  4.07327366  -1.57945958]
 [  3.94412934  -1.55989135]
 [  3.89208979  -1.18315175]
 [  3.71340448  -1.16398162]
 [  3.93715546  -1.29627973]
 [  3.3026809   -0.64535063]
 [  3.82746896  -1.3618455 ]
 [-17.53919168  46.21196849]
 [-72.22476534 -43.42523364]]"
29,"[[  19.36652163   -3.45280786]
 [  -8.00490464   44.48273663]
 [  19.2143897    -3.32059634]
 [  19.30035285   -3.36352133]
 [  19.37436859   -3.46078839]
 [  19.30419706   -3.45714348]
 [  19.27366109   -3.38754893]
 [  19.23689238   -3.27340378]
 [  19.35085926   -3.457115  ]
 [  18.77924781   -3.24826012]
 [  19.30367194   -3.42673763]
 [  18.54951175   -3.21930624]
 [-222.4627204    -5.00852512]
 [  19.41395099   -2.40698241]]"
30,"[[  3.30557099   1.82221796]
 [  4.33157556 -19.75693568]
 [-55.22327636  -1.00009295]
 [  2.73511335   1.40487804]
 [  3.00177206   1.06948033]
 [  3.18853979   0.69829971]
 [  3.26473823   0.67475802]
 [  3.14545412   1.10783712]
 [  1.94549443   1.54016968]
 [ -2.61568078   1.54687911]
 [  2.40694876   1.73723223]
 [  2.84834907   1.72901507]
 [  2.97358625   1.6656033 ]
 [  2.93451348   1.54130453]
 [  2.71958531   1.40488457]
 [  3.13902636   1.24960583]
 [  3.36261141   0.98685845]
 [  3.3462687    0.63126476]
 [  3.39322106   0.3883583 ]
 [  3.36882068   0.45670666]
 [  3.16719977   0.72114134]
 [  3.11464438   0.96789005]
 [  3.38647796   1.16079129]
 [  3.1320706    1.29408255]
 [  2.96896397   1.463373  ]
 [  3.08465741   1.64742768]
 [  2.74260909   1.69954294]
 [-22.9985982    0.5158903 ]
 [  3.82974254 -10.36846418]]"
31,"[[ 9.75563207e+00  1.23882494e+00]
 [ 9.90883367e+00 -2.04538557e+01]
 [-1.98942289e+02  6.13618504e-02]
 [ 7.45103209e+00  1.26018726e+00]
 [ 8.45449510e+00  1.25976548e+00]
 [ 7.66384610e+00  1.24561267e+00]
 [ 8.64465983e+00  1.21573906e+00]
 [ 9.44797451e+00  1.17588982e+00]
 [ 9.71054680e+00  1.15742211e+00]
 [ 9.68693091e+00  1.14856411e+00]
 [ 9.61291828e+00  1.13026607e+00]
 [ 9.64583323e+00  1.10402988e+00]
 [ 9.70897938e+00  1.07899724e+00]
 [ 9.75735623e+00  1.05438789e+00]
 [ 9.75130796e+00  1.02708255e+00]
 [ 9.70639061e+00  1.01041172e+00]
 [ 9.74059831e+00  9.96116450e-01]
 [ 9.81501234e+00  9.47544857e-01]
 [ 9.78176764e+00  8.58708257e-01]
 [ 9.78852468e+00  6.73214748e-01]
 [ 9.79636110e+00  6.19862269e-01]
 [ 9.82061616e+00  4.80794137e-01]
 [ 9.76916026e+00  2.64316543e-01]
 [ 9.64131770e+00  4.01070834e-01]
 [ 9.53078747e+00  5.45596233e-01]
 [ 9.48601807e+00  6.94631360e-01]
 [ 9.55433467e+00  8.06917907e-01]
 [ 9.67648656e+00  8.83857466e-01]
 [ 9.73171574e+00  9.35302498e-01]
 [ 9.70840107e+00  9.41674585e-01]
 [ 9.74724197e+00  9.15425017e-01]
 [ 9.81175595e+00  9.19708402e-01]
 [ 9.70048836e+00  9.56040490e-01]
 [ 9.80523357e+00  6.44191651e-01]
 [ 9.80775460e+00  1.10548719e+00]
 [ 9.78328811e+00  1.10014902e+00]
 [ 9.69943224e+00  6.54778760e-01]
 [ 9.23571784e+00  1.03011104e+00]
 [ 9.75208258e+00  1.04267193e+00]
 [ 9.72385984e+00  1.02198190e+00]
 [ 9.28042942e+00  1.03150107e+00]
 [ 8.51940619e+00  1.08161339e+00]
 [ 8.73560706e+00  1.10916477e+00]
 [-2.09304744e+02 -1.45429702e-01]
 [ 9.89689630e+00 -1.82316900e+01]]"
32,"[[  1.65446257   1.50782449]
 [  1.31673261   0.71553371]
 [  1.60162071   1.34879221]
 [  1.33819339   1.46318925]
 [  1.61376746   1.44386089]
 [  1.55588314   1.33532951]
 [  1.6078383    1.15820995]
 [  1.47885123   1.20326893]
 [  1.61836781   1.33692385]
 [  1.54251207   0.84226875]
 [  1.57082781   0.96171757]
 [  1.5583496    0.92768297]
 [  1.65148853   1.2446154 ]
 [  1.68010582  -0.70514804]
 [  1.79898461  -2.91706742]
 [  1.59194772   1.28395941]
 [  1.64449045   1.40109851]
 [  1.55567903   1.2437095 ]
 [  1.56298841   1.15737893]
 [  1.62914513   0.45871496]
 [  1.48814818   0.83373972]
 [  1.0313205    1.3495297 ]
 [  1.61389512   1.4674429 ]
 [  1.39125642   1.40514357]
 [  1.53131715   1.40392699]
 [  1.42405566   1.49188284]
 [  1.59638442   1.33630932]
 [  1.39371011   1.41501612]
 [  1.5989238    1.38502337]
 [  1.4179974    1.1513343 ]
 [  1.60002627   1.33289048]
 [  1.4734443    1.07312959]
 [  1.6181876    1.18937899]
 [  1.51788118   0.86756616]
 [  1.54347895   1.00214933]
 [  1.52428295   1.04550478]
 [  1.64810783   1.16307915]
 [  1.58940636   0.46934848]
 [  1.78589658  -2.67036839]
 [  1.6483483    0.91356252]
 [  1.58517809   1.45532722]
 [  1.61669788   1.34471306]
 [  1.52744248   1.26262006]
 [  1.5965659    1.03474556]
 [  1.55710301   1.26944726]
 [  1.59234001   0.72682091]
 [  1.4787757    0.61043815]
 [  1.48319686   1.03549763]
 [  2.96503214 -44.94431889]
 [-77.41063753  -0.83274422]]"
33,"[[  7.94546732  -0.76133979]
 [  6.6458224   -0.92243254]
 [  7.88698685  -0.70607634]
 [  6.57044139  -1.25894914]
 [  6.37081958  -1.23540262]
 [  6.1272164   -1.26568673]
 [  7.69900084  -0.51136996]
 [  7.66338708  -0.47314901]
 [  7.64493267  -0.43479733]
 [  5.70047118  -1.34453235]
 [  5.0359198   -1.36518549]
 [  4.30523513  -1.39394246]
 [  4.43506646  -1.40423477]
 [  4.67326332  -1.40777637]
 [  4.48153587  -1.39215384]
 [  3.43306937  -1.40099952]
 [  2.72258844  -1.46479541]
 [  3.20000801  -1.40157936]
 [  3.13588876  -1.48213451]
 [  2.0682696   -1.40555136]
 [  1.31396186  -1.45647485]
 [  6.32098685   0.6952039 ]
 [  1.92338137  -1.4507194 ]
 [  1.85606627  -1.49424285]
 [  0.66666152  -1.4155988 ]
 [ -0.09195188  -1.56438013]
 [  0.55102986  -1.41089233]
 [  0.42471002  -1.45380393]
 [ -6.19302426  -0.87017608]
 [  5.00149678   1.7813945 ]
 [ -2.18029258  -1.47283129]
 [ -2.11331822  -1.33522239]
 [ -2.26064449  -1.51257862]
 [ -2.6164817   -1.54637399]
 [ -2.98129017  -1.57840159]
 [ -3.3455213   -1.64610842]
 [  4.56457231   2.13367838]
 [ -4.02159454  -1.64562837]
 [  4.32644579   2.39023873]
 [ -4.95287982  -1.68395735]
 [  3.95142892   2.68094311]
 [ -8.27274515  -1.75738523]
 [-12.61910053  -1.01333277]
 [-14.19115202  -1.66220687]
 [-16.84499953  -1.070555  ]
 [ -0.46377465   6.77715158]
 [-22.24645557  -2.19165751]
 [ -2.20848674   7.99572132]
 [ -4.2623787   32.68589937]
 [-26.78004015  -2.87561423]]"
34,"[[ -3.40345474   1.93833683]
 [ 44.62861166 -23.60756819]
 [ -3.04887343   1.27458112]
 [ -3.32040987   1.86217912]
 [ -3.16518511   1.91117922]
 [ -3.13805482   1.91089259]
 [ -3.32706815   1.88434253]
 [ -3.10108817   1.71778123]
 [ -3.31394129   1.68981193]
 [ -2.98595259   1.13067104]
 [ -3.26586857   1.31129685]
 [ -3.01567742   1.07789956]
 [ -3.35520952   1.72073599]
 [ -3.38100939   1.88797425]
 [ -2.52401418  -0.56856919]
 [ -3.27874278   1.82995927]
 [ -3.27881992   1.82508076]
 [ -2.83188022   0.70111047]
 [ -2.94787633   1.12344763]
 [ -3.23570505   1.62391293]
 [ -3.06489194   1.86942641]
 [ -3.12385914   1.89418084]
 [ -3.12026469   1.46353536]
 [ -3.18360391   1.98178337]
 [ -3.16756139   1.89501517]
 [ -3.11030883   1.82225617]
 [ -3.31282316   1.78839832]
 [ -3.05546996   1.570975  ]
 [ -3.07170805   1.46393394]
 [ -2.89002218   0.96840124]
 [ -3.32697631   1.65351365]
 [ -3.31017906   1.58959726]
 [ -3.26303347   1.25034583]
 [ -3.15625033   1.44955641]
 [ -1.21993527  -4.43231344]
 [ -3.34996971   1.80567864]
 [ -3.32238038   1.93400753]
 [ -3.33299629   1.83442641]
 [ -3.2175404    1.82592073]
 [ -3.24241303   1.34957462]
 [ -3.11530898   1.47724636]
 [ -3.26109671   1.48338556]
 [ -2.85690253   0.9671381 ]
 [ -3.13828159   1.51770895]
 [  7.46564426 -57.17803322]
 [ 82.03835297  20.50928485]]"
35,"[[  19.37783539   -3.43330096]
 [  -7.7830326    44.14863455]
 [  19.22579669   -3.30080461]
 [  19.31175076   -3.34426825]
 [  19.38442103   -3.44026758]
 [  19.31885941   -3.43618299]
 [  19.28501501   -3.36806394]
 [  19.24717541   -3.25339141]
 [  19.36143346   -3.43708395]
 [  18.78833745   -3.22650479]
 [  19.3178843    -3.409626  ]
 [  18.55732783   -3.19714917]
 [-222.81815948   -4.92494329]
 [  19.42535533   -2.37704763]]"
36,"[[  3.31128886   1.82218164]
 [  4.3359775  -19.75434722]
 [-55.22947912  -0.99744394]
 [  2.74048207   1.40507152]
 [  3.00754053   1.06941041]
 [  3.1940959    0.69848382]
 [  3.2704657    0.67501536]
 [  3.15135879   1.10738832]
 [  1.95108425   1.54022647]
 [ -2.59533631   1.54771622]
 [  2.39485606   1.7365926 ]
 [  2.84613455   1.72838998]
 [  2.99235546   1.66576641]
 [  2.93346832   1.54121858]
 [  2.72663148   1.40526684]
 [  3.14897568   1.24985   ]
 [  3.36723236   0.98666655]
 [  3.35216313   0.63118608]
 [  3.39943767   0.38831471]
 [  3.37355719   0.45679571]
 [  3.17260755   0.72107749]
 [  3.12028188   0.96784732]
 [  3.39277638   1.16067374]
 [  3.13326952   1.29396757]
 [  2.97709841   1.46366289]
 [  3.1045037    1.64797619]
 [  2.75907583   1.69996606]
 [-23.16662172   0.50958008]
 [  3.83471838 -10.36850137]]"
37,"[[ 9.74595023e+00  1.23884519e+00]
 [ 9.89925562e+00 -2.04541717e+01]
 [-1.97864082e+02  6.68296380e-02]
 [ 7.44172408e+00  1.26013369e+00]
 [ 8.44813529e+00  1.25968061e+00]
 [ 7.65659139e+00  1.24551862e+00]
 [ 8.62975373e+00  1.21578466e+00]
 [ 9.44358286e+00  1.17612855e+00]
 [ 9.70569650e+00  1.15729870e+00]
 [ 9.67301585e+00  1.14839144e+00]
 [ 9.59764823e+00  1.13032310e+00]
 [ 9.63510309e+00  1.10427607e+00]
 [ 9.70664159e+00  1.07926081e+00]
 [ 9.75087262e+00  1.05414488e+00]
 [ 9.73690939e+00  1.02692762e+00]
 [ 9.69598745e+00  1.01083322e+00]
 [ 9.73014036e+00  9.96168648e-01]
 [ 9.80660729e+00  9.47075954e-01]
 [ 9.76728912e+00  8.58701789e-01]
 [ 9.77879798e+00  6.73256611e-01]
 [ 9.78910292e+00  6.19881354e-01]
 [ 9.81092304e+00  4.81020077e-01]
 [ 9.76084590e+00  2.64284992e-01]
 [ 9.63136619e+00  4.01032760e-01]
 [ 9.51958109e+00  5.45681350e-01]
 [ 9.47729920e+00  6.94610795e-01]
 [ 9.54701868e+00  8.06945418e-01]
 [ 9.66467134e+00  8.83959295e-01]
 [ 9.71917840e+00  9.35217326e-01]
 [ 9.70141403e+00  9.41585127e-01]
 [ 9.73878071e+00  9.15513107e-01]
 [ 9.80123699e+00  9.19739586e-01]
 [ 9.69285356e+00  9.56238509e-01]
 [ 9.79805101e+00  6.44137610e-01]
 [ 9.79815103e+00  1.10542544e+00]
 [ 9.77441000e+00  1.10017420e+00]
 [ 9.68999377e+00  6.54862291e-01]
 [ 9.22602916e+00  1.03022000e+00]
 [ 9.74049358e+00  1.04252337e+00]
 [ 9.71808057e+00  1.02192417e+00]
 [ 9.26984463e+00  1.03178841e+00]
 [ 8.50622213e+00  1.08132558e+00]
 [ 8.73005215e+00  1.10885516e+00]
 [-2.09978420e+02 -1.49807861e-01]
 [ 9.88719938e+00 -1.82325462e+01]]"
38,"[[ -3.0199549    1.54571075]
 [ 46.46662995 -17.53457529]
 [ -2.86189639   1.39504577]
 [ -2.80327125   1.57378387]
 [ -2.79693537   1.49549289]
 [ -2.76291581   1.43780343]
 [ -2.94969082   1.44339788]
 [ -2.72758889   1.20628627]
 [ -2.93939598   1.24550278]
 [ -2.70477152   0.96621511]
 [ -2.68358925   0.74737059]
 [ -2.71789344   0.94274881]
 [ -2.9585915    1.17176939]
 [ -2.39951562  -0.42838419]
 [ -2.65579008   0.46008197]
 [ -2.97479677   1.41543839]
 [ -2.87361231   1.34251485]
 [ -2.63028763   0.66187889]
 [ -2.65854371   0.89119526]
 [ -2.89061394   1.29697558]
 [ -2.73962318   1.5130984 ]
 [ -2.78182246   1.53598367]
 [ -2.85822768   1.42262369]
 [ -2.78764823   1.57089675]
 [ -2.76847546   1.44482503]
 [ -2.93722279   1.46084575]
 [ -2.92734085   1.38208051]
 [ -2.67410859   1.28406997]
 [ -2.95081554   1.38049077]
 [ -2.63675387   0.99462432]
 [ -2.93436559   1.24657388]
 [ -2.63603227   0.78311926]
 [ -2.71280164   0.94047257]
 [ -2.71119815   0.99571412]
 [ -2.95905994   1.21427547]
 [ -2.57376279   0.36229485]
 [ -1.50994522  -3.64801611]
 [ -2.91797969   0.9624684 ]
 [ -2.9302396    1.4905503 ]
 [ -2.95835738   1.40214045]
 [ -2.79939499   1.26641758]
 [ -2.88930562   1.10575434]
 [ -2.82992851   1.26553542]
 [ -2.83572341   0.80919987]
 [ -2.49774458   0.47036546]
 [ -2.77817691   1.12248228]
 [  3.12767152 -43.56855505]
 [ 74.95140865  14.51341509]]"
39,"[[  2.18743531  -0.85638381]
 [-32.69862545  -4.73166626]
 [  2.08179384  -0.8888437 ]
 [  1.72795273  -0.59758837]
 [  1.53241235  -2.68637091]
 [  2.07196915  -0.09672979]
 [  2.14308804  -0.9821057 ]
 [  2.09184299  -1.11018468]
 [  1.91669037  -0.14102755]
 [  1.93675139  -0.81911312]
 [  1.57150714  -0.16767741]
 [  1.28103858  -0.20339408]
 [  1.54001119   0.07052548]
 [  1.5423998    0.18054579]
 [  1.69352045   0.26234873]
 [  1.70814857   0.44632949]
 [  2.09160447  -0.71216207]
 [  1.76388879   0.51132913]
 [  2.0894902   -0.70540695]
 [  1.81095764   0.72567414]
 [  2.12413911  -0.6398971 ]
 [  1.91981544   1.2105052 ]
 [  1.43847588   0.6762154 ]
 [  1.58600486   1.21970791]
 [  1.3591178    0.87954608]
 [  2.10223534  -0.43000355]
 [  1.7931687    2.25200494]
 [  1.97786688  -0.24026921]
 [  2.01925979  -0.39255351]
 [-18.40396132   7.9666455 ]]"
40,"[[-5.08699492e+00  1.97480646e+00]
 [ 2.63907648e+01 -5.43197474e+01]
 [-4.96005918e+00  6.77257242e-01]
 [-4.91330600e+00  1.97673905e+00]
 [-4.92029964e+00  1.93800743e+00]
 [-4.88377242e+00  1.84099341e+00]
 [-5.02913949e+00  1.92534665e+00]
 [-4.93307148e+00  1.38561898e+00]
 [-5.05612633e+00  1.72451200e+00]
 [-4.97097564e+00  8.56708635e-01]
 [-5.07276983e+00  1.81120872e+00]
 [-5.04024856e+00  1.88003224e+00]
 [-4.98749498e+00 -5.34122688e-02]
 [-5.07089112e+00  1.92106765e+00]
 [-5.02018189e+00  1.70792453e+00]
 [-4.87983246e+00  3.48646370e-01]
 [-4.93102002e+00  7.96015031e-01]
 [-5.02377203e+00  1.79051167e+00]
 [-4.86594562e+00  1.61719595e+00]
 [-4.77129525e+00  1.76009428e+00]
 [-4.90683138e+00  1.84893494e+00]
 [-4.95079749e+00  1.51048558e+00]
 [-4.42663573e+00 -1.59443124e+01]
 [-5.06022748e+00  1.94295294e+00]
 [-4.97643463e+00  1.91881248e+00]
 [-5.03161557e+00  1.94942168e+00]
 [-4.91351764e+00  1.85837126e+00]
 [-4.88361573e+00  1.71244198e+00]
 [-5.02994187e+00  1.90232332e+00]
 [-4.88963863e+00  1.35071326e+00]
 [-5.03915710e+00  1.74901643e+00]
 [-4.92601140e+00  7.55578370e-01]
 [-5.04911922e+00  1.64444468e+00]
 [-4.96451101e+00  1.08962852e+00]
 [-5.07511636e+00  1.89170178e+00]
 [-5.07115427e+00  1.90605763e+00]
 [-4.94035466e+00 -1.65112466e+00]
 [-5.05843687e+00  1.93093614e+00]
 [-5.03562888e+00  1.89346889e+00]
 [-5.03752673e+00  1.86174618e+00]
 [-4.97326743e+00  1.70498062e+00]
 [-5.04579393e+00  1.77827381e+00]
 [-4.87977963e+00  6.80849891e-01]
 [ 1.82191546e+02  9.15477001e+00]]"
41,"[[-39.00033281  -7.35439614]
 [130.66461807 158.5090381 ]
 [-38.83411645  -7.25972709]
 [-38.88125082  -7.29178776]
 [-39.00565668  -7.35621167]
 [-38.85758254  -7.23789469]
 [-38.95665263  -7.26227076]
 [-38.913098    -7.35737052]
 [-38.91422664  -7.3084752 ]
 [-38.73073916  -7.30012622]
 [-38.89979038  -7.3036357 ]
 [-38.26799255  -7.23463539]
 [335.59391547 -71.75964205]
 [-38.99709487  -6.48286491]]"
42,"[[  3.9564157    1.89548396]
 [  5.16210168 -28.05442829]
 [-50.74636505  -0.4066186 ]
 [  2.67270283   1.73512161]
 [  2.79020558   1.76142082]
 [  2.08670418   1.77995502]
 [ -0.08183289   1.73658472]
 [  2.82345772   1.81732595]
 [  3.75107204   1.73978158]
 [  3.78026527   1.65860282]
 [  3.94568084   1.60786617]
 [  3.98502618   1.51405047]
 [  3.52937817   1.51007051]
 [  2.60806388   1.591813  ]
 [  2.8053524    1.64244039]
 [  3.44763818   1.63462025]
 [  3.12860995   1.56989449]
 [  3.25718266   1.47893593]
 [  3.86116443   1.34023784]
 [  3.80458913   1.14444085]
 [  3.71829142   0.93177547]
 [  3.8104907    0.66534355]
 [  3.86306327   0.8659482 ]
 [  3.86594698   1.03124713]
 [  3.84784714   1.11874248]
 [  3.83419599   1.39036028]
 [  3.90899898   1.5077383 ]
 [  3.96688421   1.55303498]
 [  3.904359     1.55720541]
 [  3.63298849   1.60685819]
 [  3.19528139   1.70639198]
 [  3.75104524   1.78603512]
 [-60.52124716  -0.79172598]
 [  4.65444145 -15.62655461]]"
43,"[[  37.16750357    9.94013267]
 [ -27.79844439 -119.43138793]
 [  37.00843557    9.8200414 ]
 [  36.99502564    9.83631879]
 [  37.10289978    9.9305311 ]
 [  37.10642178    9.93784833]
 [  37.13201794    9.97109528]
 [  36.9022315     9.87395064]
 [  37.10831856    9.90405479]
 [  36.33375059    9.77296384]
 [-342.40475313   20.40337971]
 [  37.34659258   10.0410714 ]]"
44,"[[ 4.91725280e+00 -1.25315827e+00]
 [-1.27988857e+01  3.14917210e+01]
 [ 4.87167830e+00 -2.80328865e-01]
 [ 4.88164339e+00 -1.24958211e+00]
 [ 4.79666194e+00 -1.14788840e+00]
 [ 4.71820533e+00 -1.14645357e+00]
 [ 4.76881932e+00 -1.13387632e+00]
 [ 4.72130357e+00 -1.01387210e+00]
 [ 4.86550962e+00 -1.17748122e+00]
 [ 4.78725165e+00 -6.42908351e-01]
 [ 4.89139691e+00 -1.03567352e+00]
 [ 4.82820176e+00 -1.38608808e-01]
 [ 4.90366268e+00 -1.08603573e+00]
 [ 4.86437568e+00  1.16747877e+00]
 [ 4.86590618e+00  3.92009781e-01]
 [ 4.88890847e+00 -1.21138514e+00]
 [ 4.85781023e+00 -9.56904232e-01]
 [ 4.87099332e+00 -9.12349543e-01]
 [ 4.82944090e+00 -5.31478303e-01]
 [ 4.87071950e+00 -9.23215938e-01]
 [ 4.73029082e+00 -7.16232196e-01]
 [ 4.62079068e+00 -1.06369979e+00]
 [ 4.86884399e+00 -1.25150008e+00]
 [ 4.80614536e+00 -1.10474763e+00]
 [ 4.82842435e+00  1.04354954e+00]
 [ 4.85996307e+00 -1.22052831e+00]
 [ 4.77438512e+00 -1.15559270e+00]
 [ 4.83464777e+00 -1.17850052e+00]
 [ 4.85479412e+00 -1.16612774e+00]
 [ 4.72383296e+00 -9.80322821e-01]
 [ 4.74474241e+00 -9.05803768e-01]
 [ 4.75102573e+00 -5.19196338e-01]
 [ 4.87595403e+00 -1.12712840e+00]
 [ 4.78452223e+00 -2.76892243e-01]
 [ 4.81085665e+00 -5.37852800e-01]
 [ 4.78974867e+00 -4.34999615e-01]
 [ 4.90335008e+00 -1.04218719e+00]
 [ 4.81385434e+00  9.06655176e-01]
 [ 4.90009979e+00  1.33966634e+00]
 [ 4.89052816e+00 -5.40338295e-01]
 [ 4.87111064e+00 -8.91638992e-01]
 [ 4.87965210e+00 -1.19786262e+00]
 [ 4.77077489e+00 -3.38925312e-01]
 [-1.89889194e+02 -2.84980277e+00]]"
45,"[[-5.04917279 -1.26523666]
 [-3.70034816 -1.36078415]
 [-3.50732696 -1.49134132]
 [-4.95938404 -1.20410867]
 [-3.41946699 -1.56447467]
 [-3.27371478 -1.56510544]
 [-4.8893832  -1.13760092]
 [-3.02977651 -1.48392387]
 [-2.76784617 -1.436856  ]
 [-2.51899276 -1.33677   ]
 [-2.23409194 -1.26216811]
 [-1.89640581 -1.05543109]
 [-1.46521876 -1.12656419]
 [-0.75671913 -1.14939961]
 [-0.5976869  -1.06760693]
 [-0.81898643 -0.79827926]
 [-1.20453517 -1.1236402 ]
 [-0.78235143 -1.21967921]
 [-4.18605282 -0.10006477]
 [ 0.26598163 -0.31743291]
 [ 1.13764472  0.69832807]
 [ 1.73792044 -0.48039583]
 [ 3.77984996 -0.50331848]
 [ 5.40274567 -0.05218105]
 [ 5.73030298  0.12900612]
 [ 4.39363356 -0.41111381]
 [-3.27956975  1.00022502]
 [ 2.56411457 -0.42887392]
 [-3.65892775  2.40906019]
 [-3.59880006  0.60964877]
 [ 1.46900692 -0.25602509]
 [ 1.06280648 -0.85212777]
 [ 0.85794669 -0.9515935 ]
 [-3.89569723  0.2160307 ]
 [ 0.48886835 -0.94797476]
 [ 0.45240125 -0.851925  ]
 [ 0.79062584 -0.7371448 ]
 [ 1.18755804 -0.83547908]
 [ 1.44726119 -0.87105342]
 [ 1.83643945 -0.7799958 ]
 [-3.52831023  0.66367981]
 [ 2.62004243 -0.72961659]
 [-3.30332271  0.90378918]
 [ 4.31801789 -0.45639329]
 [-2.58084192  4.57343604]
 [-2.31678657  2.91619732]
 [10.00598336  0.45261   ]
 [11.983543    0.56095613]
 [-1.52002204 17.54320301]
 [15.20704459  0.53550977]]"
46,"[[   4.85319278    1.55535056]
 [ -26.25688356  -57.17660046]
 [   4.72101869    0.3022433 ]
 [   4.67847465    1.53677687]
 [   4.80313897    1.53591444]
 [   4.59179523    1.53339669]
 [   4.80884436    1.52760682]
 [   4.76232842    1.48511881]
 [   4.79226383    1.43759822]
 [   4.66221886    1.14214667]
 [   4.81109675    1.45350354]
 [   4.6928299     0.52725793]
 [   4.73458113    0.59201846]
 [   4.71873541    0.69805492]
 [   4.84212878    1.41973336]
 [   4.8354777     1.50865964]
 [   4.79250702    0.80928423]
 [   4.73769675    1.004231  ]
 [   4.73198428    0.75496613]
 [   4.7780989     0.95220537]
 [   4.68792878    0.83023089]
 [   4.76803601    1.35217184]
 [   4.62376756    1.25314892]
 [   4.53575357    1.34243746]
 [   4.6720819     1.42869266]
 [   4.71558033    1.10377778]
 [   4.71591116    0.33680708]
 [   4.79778067    1.53193217]
 [   4.6784623     1.43296893]
 [   4.64870493    1.30054307]
 [   4.79576592    1.48251106]
 [   4.65337122    0.92594499]
 [   4.80463959    1.33022083]
 [   4.68705447    0.33384339]
 [   4.81406017    1.21901444]
 [   4.72731779    0.69606598]
 [   4.84114824    1.47580949]
 [   4.83729623    1.49338012]
 [   4.67502554   -2.28864171]
 [   4.82446813    1.51311583]
 [   4.80108353    1.47438083]
 [   4.8030597     1.4384104 ]
 [   4.73822788    1.30975303]
 [   4.81097467    1.35143424]
 [   4.64091426    0.25743718]
 [-182.38994339    9.4751426 ]]"
47,"[[-38.93886395  -7.31451648]
 [131.13603698 158.40963125]
 [-38.77225187  -7.21985953]
 [-38.81842807  -7.25175203]
 [-38.94488477  -7.31671205]
 [-38.79506558  -7.19857538]
 [-38.89555599  -7.22230508]
 [-38.85266185  -7.31786397]
 [-38.85219802  -7.26847181]
 [-38.66924882  -7.26215146]
 [-38.83811701  -7.26386016]
 [-38.2047845   -7.19685389]
 [334.38083263 -72.13351639]
 [-38.93480918  -6.44319303]]"
48,"[[  3.94356882   1.89584041]
 [  5.1562694  -28.05181329]
 [-50.69601401  -0.41662382]
 [  2.66081092   1.73522255]
 [  2.77546878   1.76143315]
 [  2.07335983   1.77961605]
 [ -0.0905281    1.73613804]
 [  2.81193836   1.81781749]
 [  3.74016025   1.74018008]
 [  3.76752744   1.65891385]
 [  3.9342723    1.60827944]
 [  3.97110764   1.51470771]
 [  3.51949564   1.51011674]
 [  2.59164454   1.59142366]
 [  2.78866035   1.64265892]
 [  3.44554927   1.63528475]
 [  3.11431242   1.56992245]
 [  3.23713245   1.4788466 ]
 [  3.84996792   1.34039943]
 [  3.78899022   1.14464416]
 [  3.70601749   0.93217747]
 [  3.79862022   0.66569608]
 [  3.85047364   0.86628575]
 [  3.85328782   1.03158555]
 [  3.83513712   1.11907428]
 [  3.82145993   1.39068885]
 [  3.89630959   1.50808891]
 [  3.95411847   1.55339842]
 [  3.89374039   1.55763858]
 [  3.62159244   1.60711545]
 [  3.17101468   1.70611112]
 [  3.74035129   1.7863015 ]
 [-60.17140525  -0.79203747]
 [  4.64558771 -15.62513284]]"
49,"[[ -17.11180511    4.01956455]
 [  74.41453012 -106.95157521]
 [ -14.91574574    1.07194239]
 [ -17.12166382    4.01790662]
 [ -17.05867385    3.92249532]
 [ -16.94818354    3.79231994]
 [ -16.73404865    4.07537131]
 [ -17.06252758    3.91158593]
 [ -17.0749625     4.02769976]
 [ -17.12698547    4.01997401]
 [ -17.08843248    4.02616531]
 [ -17.0994836     4.02494585]
 [ -17.06165684    4.03093382]
 [ -17.13188824    3.99018218]
 [ -17.08526877    4.03031197]
 [ -16.96651012    4.04672396]
 [ -16.56174763    3.21681254]
 [ -16.30696145    3.3425137 ]
 [ 229.33762008   39.68028434]
 [ -17.29560482    3.70384172]]"
50,"[[-4.52015288e+00 -1.26013810e+00]
 [ 1.32011082e+01  3.08363063e+01]
 [-4.47749847e+00 -5.65400733e-01]
 [-4.48301071e+00 -1.24135020e+00]
 [-4.39804503e+00 -1.14549144e+00]
 [-4.46548095e+00 -1.25268004e+00]
 [-4.35446464e+00 -1.07676921e+00]
 [-4.33616871e+00 -1.04847308e+00]
 [-4.46845132e+00 -1.19744297e+00]
 [-4.35696482e+00 -7.97592088e-01]
 [-4.48206278e+00 -1.07824509e+00]
 [-4.48155863e+00 -1.17390895e+00]
 [-4.48197373e+00 -9.13987164e-01]
 [-4.39724876e+00 -8.60167743e-02]
 [-4.50059681e+00 -1.11621231e+00]
 [-4.41095704e+00 -8.33720603e-02]
 [-4.50552427e+00 -1.04678170e+00]
 [-4.46988461e+00  8.40275346e-01]
 [-4.46871969e+00  7.70520195e-01]
 [-4.41673684e+00 -9.32745801e-01]
 [-4.43834360e+00 -7.51231812e-01]
 [-4.47203312e+00 -8.51587251e-01]
 [-4.35956007e+00 -5.84867500e-01]
 [-4.44157179e+00 -1.07487880e+00]
 [-4.31876918e+00 -9.97542252e-01]
 [-4.15765416e+00 -1.03600312e+00]
 [-4.47452209e+00 -1.26004381e+00]
 [-4.40932483e+00 -1.09406945e+00]
 [-4.42123452e+00  5.99356102e-01]
 [-4.29403676e+00 -1.14186302e+00]
 [-4.47916506e+00 -1.22670759e+00]
 [-4.43998318e+00 -1.18999486e+00]
 [-4.45768793e+00 -1.17753836e+00]
 [-4.32696843e+00 -9.62802641e-01]
 [-4.34761272e+00 -8.99123300e-01]
 [-4.35465342e+00 -4.93214196e-01]
 [-4.47877818e+00 -1.12995991e+00]
 [-4.38780023e+00 -2.34482118e-01]
 [-4.41508807e+00 -6.21887148e-01]
 [-4.41185909e+00 -3.32140065e-01]
 [-4.50292181e+00 -1.07265497e+00]
 [-4.45508873e+00  7.58242057e-01]
 [-4.46095318e+00  6.66604806e+00]
 [-4.49773440e+00 -9.19611559e-01]
 [-4.47557623e+00 -1.09573368e+00]
 [-4.48249673e+00 -1.20695338e+00]
 [-4.37401370e+00 -3.10387637e-01]
 [ 1.90409824e+02 -2.78886194e+00]]"
51,"[[  5.29189983   1.47607943]
 [  3.91183842   1.55063927]
 [  3.71696394   1.70664871]
 [  3.45140124   1.72570994]
 [  5.10602803   1.12414685]
 [  2.97685071   1.63543621]
 [  2.52208974   1.32837302]
 [  2.14061145   1.25435612]
 [  1.64419254   1.28697462]
 [  1.11555982   1.22438204]
 [  4.57244724   0.54471863]
 [  0.82313867   1.29235201]
 [  4.55381966   0.36275634]
 [  4.53920672   0.23157422]
 [  0.83567675   1.23529139]
 [  1.04411049   0.9480335 ]
 [  1.43582567   1.28192346]
 [  0.10272893   0.71409079]
 [ -3.53606942   0.60611143]
 [ -5.15897159   0.1292415 ]
 [ -5.48446108  -0.05524056]
 [ -4.14137939   0.50334916]
 [  3.66291824  -0.80309367]
 [ -2.33615412   0.54820466]
 [  4.0117741   -2.76583232]
 [  3.96112623  -0.55034499]
 [ -1.25786498   0.38812293]
 [  4.15326511  -0.21762256]
 [ -0.67598163   1.07817921]
 [  4.23058081  -0.02824344]
 [ -0.25619643   1.08761208]
 [ -0.2172105    0.99110949]
 [ -0.56224075   0.87452232]
 [ -0.95124067   0.96710665]
 [ -1.20851627   1.00299417]
 [ -1.59762233   0.90571834]
 [  3.89239958  -0.46821919]
 [ -2.37701997   0.84845644]
 [  3.68583615  -0.71784596]
 [ -3.35883409   0.68290338]
 [  3.43149212  -1.11579772]
 [ -4.32250734   0.52752335]
 [  3.20333789  -1.42336129]
 [ -5.66654099  -1.17761403]
 [ -7.83332028  -0.57788661]
 [  2.08163731  -3.16004587]
 [-10.65773545  -0.4600745 ]
 [-11.70521696  -0.55853344]
 [  1.89850295 -17.38648842]
 [-14.69217607  -0.59839711]]"
52,"[[ -5.01380237   1.61661171]
 [ 88.81711751 -54.34717461]
 [ -4.31288865   0.60587701]
 [ -4.96466076   1.60096713]
 [ -4.8848984    1.66244372]
 [ -4.96998792   1.62798925]
 [ -4.85088122   1.65101583]
 [ -4.73804793   1.51603963]
 [ -4.93636705   1.55916196]
 [ -4.64292125   1.30901766]
 [ -2.55566078  -3.77410037]
 [ -4.19836485   1.81417655]
 [ -4.9984072    1.58482138]
 [ -4.9142576    1.4365252 ]
 [ -4.41989341   0.31885413]
 [ -4.90610422   1.43384172]
 [ -4.79398588   1.37403872]
 [ -4.14110205   0.47598315]
 [ -4.48018425   1.02060501]
 [ -4.88655625   1.5017705 ]
 [ -4.79178997   1.58435385]
 [ -4.90220112   1.53100643]
 [ -4.93294799   1.55918916]
 [ -4.78683967   1.48735556]
 [ -3.60520949  -0.50352923]
 [ -4.95011718   1.62129162]
 [ -4.88278828   1.62365324]
 [ -4.71230193   1.49151247]
 [ -4.93564878   1.55582754]
 [ -4.57951028   1.21996171]
 [ -4.87219199   1.38352335]
 [ -4.48240406   0.99662768]
 [ -4.77605358   1.14328482]
 [ -4.92402369   1.47279615]
 [ -4.81105655   1.21749542]
 [ -4.53829125   1.01030765]
 [ -4.97607471   1.55275039]
 [ -5.00222406   1.61821445]
 [ -4.43669128   0.74126704]
 [ -4.96707036   1.54324415]
 [ -4.91834829   1.56331075]
 [ -4.88229755   1.38825687]
 [ -4.71699051   1.30612757]
 [ -4.75686551   1.14239815]
 [ -4.68625741   1.24959976]
 [ -4.73130199   1.10657588]
 [ -4.47696836   1.0471119 ]
 [ -4.77980847   1.27490861]
 [ 25.0717748  -65.18696927]
 [106.53435405  63.27008105]]"
53,"[[   4.79292053    7.21214875]
 [   4.31017674    5.77414261]
 [   4.73062752    4.58020357]
 [   4.44460589    4.44288873]
 [   4.5629868     4.73517307]
 [   4.60025191    4.0167542 ]
 [   4.63624016    2.29331956]
 [   4.64004153    5.8667804 ]
 [   4.6475662     0.97845734]
 [   4.77475027    1.22932751]
 [   4.23250651    2.21743747]
 [   3.34106054    6.16167281]
 [   3.20192643    2.48021897]
 [   2.70503699    6.21852357]
 [   2.75985579    6.23248652]
 [   4.74027995    2.93572656]
 [   4.69973057    6.38064013]
 [   4.66994625    3.1781654 ]
 [   4.48483975    3.09051108]
 [   4.73132569    2.75042971]
 [   4.85385582    2.61575389]
 [   4.84797235    2.42365067]
 [   4.69400204    6.14623702]
 [   4.79740058    2.18663086]
 [   4.67247529    6.06785744]
 [   4.65640419    1.89395343]
 [   4.78713097    1.70952771]
 [   4.52413608    1.47965817]
 [   4.58515482    1.23277512]
 [   4.00740445    0.89664302]
 [   3.93109774    5.66271644]
 [   4.44403391    0.40005314]
 [   4.23639195    5.48464283]
 [   4.38111712    5.43677497]
 [   4.7627802    -1.02376337]
 [   4.05575049    4.88629488]
 [   4.30727319   -3.84991987]
 [   4.81486467   -6.28001255]
 [   4.35241569    3.50974621]
 [   4.73976807   -7.92218853]
 [   3.87054429   -9.11029421]
 [   4.82376959   -9.79885812]
 [   4.87614496  -10.32402056]
 [   4.84694593  -10.9466973 ]
 [   4.83515111  -11.62860827]
 [   4.66299416  -12.46209131]
 [   4.65186886  -13.19898342]
 [   4.41831672  -13.84082715]
 [-218.14353348   -0.25148621]
 [   4.99969223  -24.17017288]]"
54,"[[  10.3862531     1.81152112]
 [  10.65094449  -34.80796622]
 [-305.58542474   -0.48037955]
 [   9.99393371    1.76309321]
 [  10.02198593    1.77566338]
 [   9.54149753    1.8111306 ]
 [   8.19301569    1.82937725]
 [  -5.21997376    1.74469023]
 [  10.10731324    1.8348733 ]
 [  10.2650573     1.80154105]
 [  10.30684891    1.75347951]
 [  10.23063111    1.70928527]
 [  10.20812362    1.67155344]
 [  10.38269265    1.63055696]
 [  10.26560919    1.58748108]
 [   9.66247311    1.54707257]
 [   9.4051697     1.50542189]
 [   9.89757015    1.45534459]
 [  10.28352375    1.43847378]
 [   9.87331132    1.45793897]
 [   9.78932058    1.46649001]
 [   9.72392107    1.43877397]
 [   9.74858543    1.35926186]
 [  10.06677204    1.21373147]
 [  10.34921556    1.05591924]
 [  10.28428159    0.97205735]
 [  10.14743292    1.00491769]
 [   9.99678152    1.12016857]
 [  10.06371075    1.20981142]
 [  10.39453667    1.26466424]
 [  10.13770771    1.35782859]
 [  10.13639929    1.45210735]
 [  10.2372105     1.5188788 ]
 [  10.24918833    1.5782363 ]
 [  10.33300903    1.60138393]
 [  10.36341493    1.58630141]
 [  10.3210357     1.59740196]
 [  10.33511653    1.66283265]
 [  10.17493973    1.7126615 ]
 [ -72.2857022     1.12051286]
 [  10.56256631  -22.13409362]]"
55,"[[ -8.42388951  -4.61253652]
 [ -7.4008946   -4.42813316]
 [ -8.41723423  -4.27984025]
 [ -8.06301332  -3.74083374]
 [ -8.16043132  -3.97983915]
 [ -7.87653116  -4.37061525]
 [ -7.97387102  -3.75133906]
 [ -8.24650712  -3.90977163]
 [ -5.24991898  -4.46713523]
 [ -7.83824424  -4.48300007]
 [ -8.34649998  -4.15582475]
 [ -8.35229337  -3.95297858]
 [ -8.3415243   -4.50171313]
 [ -8.35003912  -4.27188214]
 [ -8.41979834  -4.55599611]
 [ -7.00792358  -4.50019532]
 [ -6.57595519  -4.57499565]
 [ -6.24798944  -4.53744118]
 [ -8.36839513  -4.39280775]
 [ -8.39537846  -3.85602094]
 [ -7.88703461  -4.46950433]
 [ -8.27623367  -4.18173886]
 [ -8.42108603  -4.24048536]
 [ -8.39511006  -4.18469397]
 [ -8.22738332  -4.50757321]
 [ -8.43520198  -4.15648432]
 [ -8.41340743  -4.53188701]
 [ -8.38281643  -4.48167568]
 [ -8.36738735  -4.34089996]
 [ -8.2294886   -4.35817751]
 [ -8.20743769  -4.56514101]
 [ -7.57823466  -4.51469264]
 [ -7.48381706  -4.54508479]
 [ -8.14055281  -4.49117369]
 [ -8.21729487  -4.50354022]
 [ -7.53554924  -4.5557883 ]
 [ -7.56858673  -4.44974329]
 [ -7.81385316  -4.45978001]
 [ -8.26500088  -4.29460303]
 [ -8.11957895  -4.07544651]
 [ -7.47089996  -4.47975662]
 [ -8.34927202  -4.36258174]
 [ -8.38648099  -4.37719232]
 [ -8.43201447  -4.30230902]
 [ -8.37271909  -4.33937282]
 [ -8.30490549  -4.33076699]
 [ -8.25195177  -4.39077497]
 [ -7.83422921  -4.39649287]
 [395.29887187   1.9926489 ]
 [-11.87501096 206.21761174]]"
56,"[[   4.12122262    1.28152432]
 [ -21.12025269  -27.54292356]
 [   4.03034873    0.40755005]
 [   4.07641201    1.27645204]
 [   3.97904567    1.12843271]
 [   3.94959273    1.14058783]
 [   4.0737323     1.23320669]
 [   3.94831541    0.90077494]
 [   4.07531122    1.23119979]
 [   3.96753621    0.7244978 ]
 [   4.00054991    0.86641897]
 [   4.00237267    0.28252745]
 [   4.10422444    1.06010879]
 [   4.0091764    -1.56698785]
 [   4.02907764   -1.1272448 ]
 [   4.10112765    1.24797548]
 [   4.06096882    1.0840634 ]
 [   4.08705222    0.9981089 ]
 [   3.98872578    0.47888564]
 [   4.05931284    1.0925832 ]
 [   3.93643482    1.06722176]
 [   3.96359191    1.19715961]
 [   3.93770276   -3.26908146]
 [   4.07964403    1.25244619]
 [   3.98212537    1.13527488]
 [   4.05976199    1.20081459]
 [   3.96771047    1.11969968]
 [   3.92523465    0.84497669]
 [   4.07304014    1.18443812]
 [   3.95821137    0.75042469]
 [   4.08068402    1.03689778]
 [   3.98932249    0.24252232]
 [   4.08984895    0.98840599]
 [   4.00476864    0.31618564]
 [   4.10746332    1.15523411]
 [   3.98794862   -2.37802878]
 [   4.05361947    0.76306426]
 [   4.07250454    0.98538649]
 [   4.03661283    0.80914442]
 [   4.05946332    0.93342573]
 [   3.8710708    -2.357446  ]
 [-139.78061707    4.82409153]]"
57,"[[  7.62077864  -2.61392661]
 [  6.38638702  -2.12532578]
 [  6.19986483  -2.47780843]
 [  5.91237603  -2.77066501]
 [  7.44721863  -2.72407552]
 [  7.4589568   -2.67419178]
 [  5.98403748  -2.2506178 ]
 [  5.92087873  -2.11546639]
 [  5.78837413  -2.10976186]
 [  5.48357824  -2.03806333]
 [  7.0758618   -2.76070117]
 [  4.87071408  -2.41725365]
 [  4.87169257  -2.24875798]
 [  5.07518412  -1.87929324]
 [  5.09962245  -1.88706138]
 [  5.13219363  -2.03006321]
 [  4.95184966  -2.02498785]
 [  4.4783832   -1.80905179]
 [  4.12177533  -1.81120178]
 [  4.33731845  -1.74490055]
 [  4.10770958  -2.0367757 ]
 [  3.84072315  -1.49597751]
 [  3.3721216   -1.61948248]
 [  3.63258279  -1.5605727 ]
 [  3.42418614  -1.80555476]
 [  3.16424931  -1.25170505]
 [  2.63884816  -1.49751393]
 [  3.00636312  -1.29079345]
 [  2.76065671  -1.69196678]
 [  2.60884096  -1.03446671]
 [  1.99260601  -1.38916249]
 [  2.41786385  -1.06388444]
 [ -0.97851335   2.04341206]
 [  4.07517661  -0.16387616]
 [ -6.73208319   5.88228997]
 [  2.66509735   0.57429841]
 [ -9.89395724   7.37080597]
 [-11.61424296   8.39560388]
 [-12.35820914   9.12903099]
 [  1.58638625   1.44755472]
 [-12.78854021   9.26670853]
 [  1.50173577   1.501922  ]
 [-13.10918947   9.47436426]
 [-13.6428217    9.80057245]
 [  1.1333518    1.80981491]
 [-14.85470459  10.6917239 ]
 [-15.10342034  10.95219563]
 [  0.94591072   1.9937648 ]
 [-13.18370549   9.66073149]
 [-38.83206802 -37.57988672]]"
58,"[[   2.59069749    2.18679068]
 [   2.35004485   -0.73066323]
 [   2.49167056    2.18199315]
 [   2.33239264    2.01855276]
 [   2.54718315    2.05587985]
 [   2.44790767    1.93214686]
 [   2.56218914    2.0371545 ]
 [   2.52435892    1.70024489]
 [   2.59255056    1.8436525 ]
 [   2.54662411    2.1445526 ]
 [   2.63076115    0.53362734]
 [   2.58350046    2.03000495]
 [   2.55375274    2.08903256]
 [   2.57582126    1.8959015 ]
 [   2.53753644    1.77706143]
 [   2.57224384    1.4771245 ]
 [   2.53393019    1.86137924]
 [   2.56141609    1.60562439]
 [   2.47236822    1.67852317]
 [   2.53785967    1.77452589]
 [   2.42438878    2.00415397]
 [   2.52390868    2.09398381]
 [   2.420804      2.08109783]
 [   2.46890372    2.06336622]
 [   2.65813904   -0.73634757]
 [   2.57700408    2.04958229]
 [   2.50890451    2.11732543]
 [   2.54768904    2.16910038]
 [   2.45101312    2.12703503]
 [   2.41997109    2.13521591]
 [   2.54441036    2.10406399]
 [   2.42630263    1.97439822]
 [   2.54743059    2.06320803]
 [   2.44732533    1.85707662]
 [   2.56717732    1.83131559]
 [   2.51695586    1.68038468]
 [   2.58542296    2.05172596]
 [   2.55684395    1.81217599]
 [   2.5943045     1.42675902]
 [   2.57680231    2.1548114 ]
 [   2.54132484    2.06166509]
 [   2.56968838    2.00205992]
 [   2.5800783     1.6946396 ]
 [   2.56551894    1.53546021]
 [   2.52273636    1.86209501]
 [   2.56190303    1.50390391]
 [   2.45808447    1.71550356]
 [   2.53105239    1.70075382]
 [   5.08770575  -83.5669577 ]
 [-126.32660348   -1.66266574]]"
59,"[[-4.75518302e+00  6.65318613e+00]
 [-4.18538342e+00  5.43574763e+00]
 [-4.72654022e+00  6.59321620e+00]
 [-4.76617860e+00  5.28679023e+00]
 [-4.73153508e+00  5.27818581e+00]
 [-4.51810079e+00  5.24435086e+00]
 [-4.60947623e+00  3.47221933e+00]
 [-4.49579944e+00  4.18811009e+00]
 [-4.64877974e+00  3.52339489e+00]
 [-4.65860791e+00  1.30975627e+00]
 [-4.70678198e+00  1.72386670e-01]
 [-4.60366771e+00  1.21180618e+00]
 [-4.41242048e+00  1.42874357e+00]
 [-4.16277814e+00  1.54434998e+00]
 [-3.28269206e+00  5.55294966e+00]
 [-3.12867188e+00  1.82407093e+00]
 [-2.62813989e+00  5.61790065e+00]
 [-2.81135582e+00  5.63352119e+00]
 [-4.67482618e+00  2.31631472e+00]
 [-4.65360309e+00  5.78816358e+00]
 [-4.60688553e+00  2.57639665e+00]
 [-4.42348584e+00  2.48707681e+00]
 [-4.66662729e+00  2.13367186e+00]
 [-4.78619881e+00  1.99323452e+00]
 [-4.78424329e+00  1.79245644e+00]
 [-4.63232755e+00  5.53936301e+00]
 [-4.73120241e+00  1.54927405e+00]
 [-4.60703469e+00  5.45716239e+00]
 [-4.61238526e+00  1.25234565e+00]
 [-4.52619956e+00  5.37142883e+00]
 [-4.49916588e+00  8.20541881e-01]
 [-4.42192423e+00  5.20204852e+00]
 [-4.03657208e+00  1.86558197e-01]
 [-4.09242351e+00  4.99866142e+00]
 [-4.26917564e+00 -4.14437460e-01]
 [-4.12947452e+00  4.82069055e+00]
 [-4.25459696e+00  4.76859919e+00]
 [-4.70238531e+00 -1.89469519e+00]
 [-4.00013154e+00  4.15286197e+00]
 [-4.22226525e+00 -5.02303315e+00]
 [-3.66148742e+00 -9.85504915e+00]
 [-4.71356816e+00 -1.13646934e+01]
 [-4.76469688e+00 -1.18036399e+01]
 [-4.73240112e+00 -1.23274355e+01]
 [-4.72522254e+00 -1.28674495e+01]
 [-4.54925333e+00 -1.35214568e+01]
 [-4.53956683e+00 -1.40655808e+01]
 [-4.29973909e+00 -1.45270331e+01]
 [ 2.15024144e+02 -1.68438087e-01]
 [-4.87298191e+00 -2.53445944e+01]]"
60,"[[  10.39141355    1.81104854]
 [  10.65431554  -34.80846381]
 [-306.75768253   -0.47405552]
 [   9.98363261    1.76284661]
 [  10.05079491    1.77549333]
 [   9.57892197    1.81087402]
 [   8.05873617    1.82792718]
 [  -4.29787266    1.75172844]
 [  10.26992032    1.83545497]
 [  10.29177987    1.80132096]
 [  10.31312592    1.75294168]
 [  10.22412405    1.70874874]
 [  10.21524889    1.67114538]
 [  10.38396117    1.63005781]
 [  10.26756537    1.58699178]
 [   9.66824843    1.54662957]
 [   9.41739213    1.50502341]
 [   9.90136949    1.45530952]
 [  10.29385924    1.43806219]
 [   9.87884129    1.45728933]
 [   9.79441304    1.46604817]
 [   9.73080192    1.43825729]
 [   9.74780829    1.35876863]
 [  10.07066237    1.21319305]
 [  10.35775865    1.05541634]
 [  10.28850313    0.97162877]
 [  10.1535891     1.00447098]
 [  10.00188433    1.1197162 ]
 [  10.06888371    1.20934838]
 [  10.39966038    1.26420156]
 [  10.14290431    1.3573661 ]
 [  10.14156102    1.45164801]
 [  10.24234227    1.51841365]
 [  10.25118922    1.57774822]
 [  10.34150569    1.60091575]
 [  10.35890161    1.58578237]
 [  10.33090665    1.59700011]
 [  10.36129669    1.66250793]
 [  10.18160594    1.71218746]
 [ -72.32038667    1.12379483]
 [  10.56651262  -22.13478795]]"
61,"[[ -8.39865087  -4.59427126]
 [ -7.77873362  -4.38018932]
 [ -8.14919223  -3.99747902]
 [ -7.85415727  -4.33723371]
 [ -7.95122311  -3.72622502]
 [ -8.21882839  -3.89799712]
 [ -5.28261413  -4.44779646]
 [ -7.78717807  -4.46593534]
 [ -8.31846014  -4.13441043]
 [ -8.33021476  -3.94015005]
 [ -8.3218517   -4.48320686]
 [ -8.32545599  -4.25682118]
 [ -8.39442049  -4.53861001]
 [ -7.69236279  -4.41590357]
 [ -6.86925019  -4.55983018]
 [ -7.22765705  -4.52985748]
 [ -6.8144664   -4.52986028]
 [ -6.89123612  -4.56179551]
 [ -8.34290998  -4.38802647]
 [ -8.36081336  -3.76457153]
 [ -7.75663731  -4.44983434]
 [ -8.23287669  -4.1656013 ]
 [ -8.3970301   -4.213383  ]
 [ -8.35393948  -4.15842178]
 [ -8.29232801  -4.49025981]
 [ -8.36890062  -4.20154305]
 [ -8.3787333   -4.49830554]
 [ -8.39992686  -4.21511623]
 [ -8.36399698  -4.32435675]
 [ -8.19563254  -4.33767706]
 [ -8.18978646  -4.55261032]
 [ -7.66333502  -4.49944697]
 [ -8.12989908  -4.52290029]
 [ -7.9418534   -4.55438703]
 [ -8.24971965  -4.49026887]
 [ -7.50752558  -4.5387742 ]
 [ -7.54643776  -4.43100223]
 [ -7.79057449  -4.44160338]
 [ -8.24291892  -4.27573738]
 [ -8.09290752  -4.05863666]
 [ -7.44595346  -4.46159355]
 [ -8.32470683  -4.34458425]
 [ -8.35982261  -4.35933152]
 [ -8.4113296   -4.28469278]
 [ -8.3528639   -4.32137574]
 [ -8.27834135  -4.31270007]
 [ -8.22735622  -4.37291097]
 [ -7.80644099  -4.3783625 ]
 [394.45817405   1.99089091]
 [-11.84672265 206.21469749]]"
62,"[[ 4.04205091e+00  1.11430019e+00]
 [-1.79444302e+01 -2.36899835e+01]
 [ 3.95492475e+00  1.21690228e-01]
 [ 3.99738034e+00  1.10586012e+00]
 [ 3.90061451e+00  9.43131968e-01]
 [ 3.87074718e+00  9.68327788e-01]
 [ 3.99507466e+00  1.06234941e+00]
 [ 3.87149537e+00  7.31749884e-01]
 [ 3.99666897e+00  1.06045454e+00]
 [ 3.89190442e+00  5.36606157e-01]
 [ 3.92445425e+00  6.94966063e-01]
 [ 3.93016741e+00  1.06286818e-01]
 [ 4.02673721e+00  8.90851587e-01]
 [ 3.95253061e+00 -1.65790023e+00]
 [ 3.96624021e+00 -1.34458011e+00]
 [ 4.02129556e+00  1.07927829e+00]
 [ 3.98347612e+00  9.01511110e-01]
 [ 4.00891553e+00  8.28254197e-01]
 [ 3.91964915e+00  2.74778344e-01]
 [ 3.92271748e+00  9.75672543e-01]
 [ 3.93394811e+00  9.19621216e-01]
 [ 3.88115992e+00  9.97191599e-01]
 [ 3.96219182e+00  8.05598171e-01]
 [ 3.99501452e+00  1.08339753e+00]
 [ 3.99670505e+00  1.04462409e+00]
 [ 3.98450398e+00  1.04567423e+00]
 [ 3.88939804e+00  9.46302590e-01]
 [ 3.84898213e+00  6.66136443e-01]
 [ 3.99464073e+00  1.01511820e+00]
 [ 3.88227716e+00  5.63630173e-01]
 [ 4.00350902e+00  8.76090325e-01]
 [ 3.91742777e+00  5.72375719e-02]
 [ 4.01277051e+00  8.21698711e-01]
 [ 3.93225946e+00  1.33216208e-01]
 [ 4.02929982e+00  9.87833730e-01]
 [ 3.93736153e+00 -2.46994767e+00]
 [ 3.97790923e+00  5.99350905e-01]
 [ 3.99537179e+00  8.18860810e-01]
 [ 3.96022867e+00  6.30118659e-01]
 [ 3.98319912e+00  7.65069733e-01]
 [ 3.81911642e+00 -2.61463203e+00]
 [-1.40169889e+02  3.60420345e+00]]"
63,"[[   6.32190016   -1.40589179]
 [ -51.34984834   71.72303338]
 [   5.79540352   -1.36893999]
 [   5.65245557   -1.36639703]
 [   5.68109547   -1.35573331]
 [   5.64594064   -1.38602031]
 [   6.11903027   -1.15040262]
 [   5.89089871   -1.41303266]
 [   5.99626874   -1.41284905]
 [   6.02224583   -1.4308131 ]
 [   6.11012704   -1.42800593]
 [   6.24164376   -1.45534047]
 [   6.30715076   -1.45944458]
 [   6.31561792   -1.40263128]
 [   6.31716396   -1.40420597]
 [   6.31631622   -1.40272477]
 [   6.21662939   -1.43444913]
 [   5.99542651   -0.99569051]
 [   5.88733846   -1.39555954]
 [   5.91841332   -1.43669816]
 [   6.16498925   -1.42860152]
 [   6.02990163   -1.42444186]
 [   6.06916729   -1.41600759]
 [   6.07849711   -1.42268454]
 [   6.15364127   -1.42816933]
 [   6.16587459   -1.45439736]
 [   6.29323163   -1.3717658 ]
 [   6.27356977   -1.4485805 ]
 [   6.3174554    -1.45076406]
 [   6.31032389   -1.39257838]
 [   6.20098757   -1.42698586]
 [-131.45885732  -29.95322639]]"
